CensusTract,County,LILATracts_1And10
20001952700,Allen,0
20001952800,Allen,0
20001952900,Allen,1
20001953000,Allen,0
20003953600,Anderson,0
20003953700,Anderson,1
20005081600,Atchison,0
20005081700,Atchison,0
20005081800,Atchison,0
20005081900,Atchison,0
20007968100,Barber,0
20007968200,Barber,0
20009971100,Barton,0
20009971200,Barton,0
20009971300,Barton,0
20009971400,Barton,0
20009971500,Barton,0
20009971600,Barton,0
20009971700,Barton,0
20009971800,Barton,1
20011955600,Bourbon,1
20011955700,Bourbon,0
20011955800,Bourbon,0
20011955900,Bourbon,0
20011956000,Bourbon,0
20013480600,Brown,0
20013480700,Brown,1
20013480800,Brown,0
20015020100,Butler,0
20015020201,Butler,0
20015020202,Butler,0
20015020203,Butler,0
20015020300,Butler,0
20015020400,Butler,0
20015020500,Butler,1
20015020600,Butler,0
20015020700,Butler,0
20015020800,Butler,0
20015020901,Butler,0
20015020902,Butler,0
20015020903,Butler,0
20017960600,Chase,0
20019964600,Chautauqua,1
20021958100,Cherokee,0
20021958200,Cherokee,0
20021958300,Cherokee,1
20021958400,Cherokee,0
20021958500,Cherokee,1
20021958600,Cherokee,0
20023950200,Cheyenne,1
20025967100,Clark,0
20027458100,Clay,0
20027458200,Clay,0
20029977100,Cloud,1
20029977200,Cloud,1
20029977300,Cloud,0
20029977400,Cloud,1
20031966100,Coffey,0
20031966200,Coffey,0
20031966300,Coffey,0
20033967600,Comanche,0
20035493100,Cowley,0
20035493200,Cowley,0
20035493300,Cowley,0
20035493400,Cowley,1
20035493500,Cowley,1
20035493600,Cowley,0
20035493700,Cowley,0
20035493800,Cowley,1
20035493900,Cowley,0
20035494000,Cowley,0
20035494100,Cowley,1
20037956600,Crawford,1
20037956700,Crawford,1
20037956800,Crawford,0
20037956900,Crawford,0
20037957000,Crawford,0
20037957100,Crawford,0
20037957200,Crawford,0
20037957300,Crawford,0
20037957400,Crawford,0
20037957500,Crawford,1
20037957600,Crawford,1
20039951100,Decatur,1
20039951200,Decatur,0
20041084100,Dickinson,0
20041084200,Dickinson,1
20041084300,Dickinson,0
20041084400,Dickinson,0
20041084500,Dickinson,0
20041084600,Dickinson,0
20043020100,Doniphan,0
20043020200,Doniphan,0
20043020300,Doniphan,0
20045000100,Douglas,1
20045000200,Douglas,1
20045000300,Douglas,0
20045000400,Douglas,0
20045000501,Douglas,1
20045000502,Douglas,0
20045000603,Douglas,0
20045000604,Douglas,1
20045000702,Douglas,0
20045000797,Douglas,0
20045000801,Douglas,0
20045000802,Douglas,0
20045000901,Douglas,0
20045000902,Douglas,0
20045001001,Douglas,0
20045001002,Douglas,0
20045001201,Douglas,0
20045001202,Douglas,0
20045001203,Douglas,0
20045001400,Douglas,0
20045001500,Douglas,0
20045001600,Douglas,0
20047969600,Edwards,0
20047969700,Edwards,0
20049965100,Elk,1
20051072600,Ellis,0
20051072701,Ellis,0
20051072702,Ellis,0
20051072800,Ellis,0
20051072900,Ellis,0
20051073000,Ellis,0
20053086600,Ellsworth,1
20053086700,Ellsworth,0
20055960100,Finney,0
20055960200,Finney,0
20055960300,Finney,0
20055960401,Finney,0
20055960403,Finney,0
20055960404,Finney,0
20055960501,Finney,0
20055960503,Finney,0
20055960505,Finney,0
20055960507,Finney,0
20055960508,Finney,1
20055960600,Finney,0
20057961600,Ford,0
20057961700,Ford,0
20057961800,Ford,0
20057961900,Ford,0
20057962000,Ford,0
20057962101,Ford,1
20057962102,Ford,1
20059954100,Franklin,0
20059954200,Franklin,1
20059954300,Franklin,0
20059954400,Franklin,1
20059954500,Franklin,0
20061000100,Geary,1
20061000200,Geary,1
20061000300,Geary,1
20061000400,Geary,0
20061000500,Geary,0
20061000600,Geary,1
20061000700,Geary,0
20061000800,Geary,0
20063955100,Gove,1
20063955200,Gove,1
20065952100,Graham,0
20065952200,Graham,0
20067963600,Grant,0
20067963700,Grant,0
20069962600,Gray,0
20069962700,Gray,0
20071958100,Greeley,0
20073965600,Greenwood,0
20073965700,Greenwood,0
20073965800,Greenwood,1
20075958600,Hamilton,1
20077961600,Harper,0
20077961700,Harper,1
20077961800,Harper,0
20079030100,Harvey,0
20079030200,Harvey,0
20079030300,Harvey,0
20079030400,Harvey,0
20079030500,Harvey,0
20079030600,Harvey,0
20081463100,Haskell,0
20083461100,Hodgeman,0
20085082600,Jackson,0
20085082700,Jackson,0
20085082800,Jackson,0
20087020101,Jefferson,0
20087020102,Jefferson,0
20087020200,Jefferson,0
20087020300,Jefferson,0
20089576100,Jewell,1
20089576200,Jewell,0
20091050000,Johnson,0
20091050100,Johnson,0
20091050200,Johnson,0
20091050301,Johnson,0
20091050302,Johnson,0
20091050400,Johnson,0
20091050500,Johnson,0
20091050600,Johnson,0
20091050700,Johnson,0
20091050800,Johnson,0
20091050900,Johnson,0
20091051000,Johnson,0
20091051100,Johnson,0
20091051200,Johnson,0
20091051300,Johnson,0
20091051400,Johnson,0
20091051500,Johnson,0
20091051600,Johnson,0
20091051700,Johnson,0
20091051801,Johnson,0
20091051802,Johnson,0
20091051803,Johnson,0
20091051804,Johnson,0
20091051805,Johnson,0
20091051806,Johnson,0
20091051902,Johnson,0
20091051903,Johnson,0
20091051904,Johnson,0
20091051906,Johnson,1
20091051907,Johnson,0
20091051908,Johnson,1
20091051909,Johnson,0
20091052001,Johnson,0
20091052003,Johnson,0
20091052004,Johnson,0
20091052101,Johnson,0
20091052102,Johnson,1
20091052201,Johnson,0
20091052202,Johnson,0
20091052303,Johnson,0
20091052304,Johnson,0
20091052305,Johnson,0
20091052306,Johnson,0
20091052405,Johnson,0
20091052410,Johnson,0
20091052411,Johnson,0
20091052414,Johnson,0
20091052415,Johnson,0
20091052416,Johnson,0
20091052417,Johnson,0
20091052418,Johnson,0
20091052419,Johnson,0
20091052421,Johnson,0
20091052502,Johnson,0
20091052504,Johnson,0
20091052601,Johnson,0
20091052603,Johnson,0
20091052604,Johnson,0
20091052606,Johnson,0
20091052607,Johnson,0
20091052700,Johnson,0
20091052801,Johnson,0
20091052802,Johnson,0
20091052803,Johnson,0
20091052904,Johnson,0
20091052905,Johnson,0
20091052906,Johnson,0
20091052907,Johnson,0
20091052908,Johnson,0
20091052910,Johnson,0
20091053002,Johnson,0
20091053004,Johnson,0
20091053005,Johnson,0
20091053006,Johnson,0
20091053007,Johnson,0
20091053008,Johnson,0
20091053009,Johnson,0
20091053010,Johnson,0
20091053011,Johnson,0
20091053101,Johnson,0
20091053102,Johnson,0
20091053105,Johnson,0
20091053108,Johnson,0
20091053109,Johnson,0
20091053110,Johnson,0
20091053201,Johnson,0
20091053202,Johnson,0
20091053203,Johnson,0
20091053301,Johnson,0
20091053302,Johnson,0
20091053403,Johnson,0
20091053406,Johnson,0
20091053409,Johnson,0
20091053410,Johnson,0
20091053411,Johnson,0
20091053413,Johnson,0
20091053414,Johnson,0
20091053415,Johnson,0
20091053417,Johnson,0
20091053418,Johnson,0
20091053419,Johnson,0
20091053421,Johnson,0
20091053422,Johnson,0
20091053423,Johnson,0
20091053424,Johnson,0
20091053502,Johnson,0
20091053505,Johnson,0
20091053506,Johnson,0
20091053507,Johnson,0
20091053508,Johnson,0
20091053509,Johnson,0
20091053510,Johnson,0
20091053555,Johnson,1
20091053556,Johnson,1
20091053557,Johnson,1
20091053601,Johnson,0
20091053602,Johnson,0
20091053701,Johnson,0
20091053703,Johnson,0
20091053705,Johnson,0
20091053707,Johnson,0
20091053709,Johnson,0
20091053711,Johnson,0
20091053712,Johnson,0
20091053801,Johnson,0
20091053803,Johnson,0
20091053804,Johnson,0
20091980001,Johnson,0
20091980002,Johnson,0
20091980003,Johnson,0
20093959100,Kearny,0
20095961100,Kingman,0
20095961200,Kingman,0
20095961300,Kingman,0
20097969100,Kiowa,1
20099950100,Labette,0
20099950200,Labette,0
20099950300,Labette,1
20099950400,Labette,1
20099950500,Labette,0
20099950600,Labette,0
20099950700,Labette,0
20099950800,Labette,0
20101956600,Lane,0
20103070100,Leavenworth,1
20103070200,Leavenworth,1
20103070300,Leavenworth,1
20103070400,Leavenworth,1
20103070500,Leavenworth,0
20103070700,Leavenworth,0
20103070900,Leavenworth,0
20103071000,Leavenworth,0
20103071101,Leavenworth,0
20103071102,Leavenworth,0
20103071202,Leavenworth,0
20103071203,Leavenworth,0
20103071400,Leavenworth,0
20103071600,Leavenworth,0
20103071800,Leavenworth,0
20103981900,Leavenworth,0
20105086100,Lincoln,0
20107955100,Linn,0
20107955200,Linn,0
20109954600,Logan,0
20111000100,Lyon,0
20111000200,Lyon,0
20111000300,Lyon,0
20111000400,Lyon,0
20111000500,Lyon,1
20111000600,Lyon,0
20111000700,Lyon,0
20111000800,Lyon,0
20113788100,McPherson,0
20113788200,McPherson,0
20113788300,McPherson,0
20113788400,McPherson,0
20113788500,McPherson,0
20113788600,McPherson,0
20113788700,McPherson,0
20115489500,Marion,1
20115489600,Marion,0
20115489700,Marion,0
20115489800,Marion,0
20117040701,Marshall,0
20117060510,Marshall,0
20117070182,Marshall,0
20117090186,Marshall,0
20119966600,Meade,0
20119966700,Meade,0
20121100100,Miami,0
20121100200,Miami,0
20121100300,Miami,0
20121100400,Miami,0
20121100500,Miami,0
20121100601,Miami,0
20121100602,Miami,0
20121100700,Miami,1
20123176600,Mitchell,0
20123176700,Mitchell,0
20125950100,Montgomery,0
20125950200,Montgomery,0
20125950300,Montgomery,0
20125950400,Montgomery,0
20125950500,Montgomery,0
20125950600,Montgomery,0
20125950700,Montgomery,0
20125950800,Montgomery,0
20125950900,Montgomery,0
20125951000,Montgomery,0
20125951100,Montgomery,0
20125951200,Montgomery,0
20125951300,Montgomery,0
20127963600,Morris,0
20127963700,Morris,0
20129964600,Morton,0
20131480100,Nemaha,0
20131480200,Nemaha,0
20131480300,Nemaha,0
20133951600,Neosho,1
20133951700,Neosho,0
20133951800,Neosho,0
20133951900,Neosho,0
20133952000,Neosho,0
20135956100,Ness,0
20135956200,Ness,0
20137951700,Norton,0
20139010100,Osage,0
20139010200,Osage,0
20139010300,Osage,0
20139010400,Osage,0
20139010500,Osage,0
20141474100,Osborne,1
20143085600,Ottawa,0
20143085700,Ottawa,0
20145970200,Pawnee,1
20145970300,Pawnee,0
20147475100,Phillips,0
20147475200,Phillips,0
20147475300,Phillips,0
20149000100,Pottawatomie,0
20149000200,Pottawatomie,0
20149000300,Pottawatomie,0
20149000400,Pottawatomie,0
20151968600,Pratt,0
20151968700,Pratt,1
20151968800,Pratt,0
20153950600,Rawlins,0
20155000100,Reno,0
20155000200,Reno,0
20155000300,Reno,0
20155000400,Reno,1
20155000500,Reno,0
20155000600,Reno,0
20155000700,Reno,0
20155000800,Reno,1
20155001000,Reno,1
20155001100,Reno,0
20155001200,Reno,0
20155001300,Reno,0
20155001400,Reno,0
20155001500,Reno,0
20155001600,Reno,0
20155001700,Reno,1
20155001800,Reno,0
20157978100,Republic,1
20157978200,Republic,0
20157978300,Republic,0
20159967100,Rice,0
20159967200,Rice,0
20159967300,Rice,0
20161000200,Riley,0
20161000303,Riley,1
20161000304,Riley,1
20161000500,Riley,1
20161000600,Riley,0
20161000700,Riley,1
20161000801,Riley,0
20161000802,Riley,0
20161000900,Riley,0
20161001002,Riley,1
20161001100,Riley,1
20161001301,Riley,0
20161001302,Riley,0
20161980000,Riley,0
20163974600,Rooks,0
20163974700,Rooks,1
20165972100,Rush,0
20165972200,Rush,1
20167973800,Russell,1
20167973900,Russell,0
20169000100,Saline,0
20169000200,Saline,1
20169000300,Saline,0
20169000400,Saline,0
20169000500,Saline,1
20169000600,Saline,0
20169000700,Saline,0
20169000800,Saline,0
20169000900,Saline,0
20169001000,Saline,0
20169001100,Saline,0
20169001200,Saline,0
20171957100,Scott,0
20173000100,Sedgwick,0
20173000200,Sedgwick,0
20173000300,Sedgwick,0
20173000400,Sedgwick,0
20173000600,Sedgwick,0
20173000700,Sedgwick,1
20173000800,Sedgwick,0
20173000900,Sedgwick,1
20173001000,Sedgwick,1
20173001100,Sedgwick,0
20173001400,Sedgwick,0
20173001500,Sedgwick,0
20173001800,Sedgwick,0
20173001900,Sedgwick,0
20173002000,Sedgwick,0
20173002100,Sedgwick,0
20173002200,Sedgwick,0
20173002300,Sedgwick,0
20173002400,Sedgwick,1
20173002600,Sedgwick,0
20173002700,Sedgwick,1
20173002800,Sedgwick,1
20173002900,Sedgwick,1
20173003000,Sedgwick,1
20173003100,Sedgwick,1
20173003200,Sedgwick,0
20173003400,Sedgwick,1
20173003500,Sedgwick,0
20173003600,Sedgwick,0
20173003700,Sedgwick,0
20173003800,Sedgwick,1
20173003900,Sedgwick,0
20173004000,Sedgwick,0
20173004300,Sedgwick,0
20173005100,Sedgwick,0
20173005200,Sedgwick,1
20173005300,Sedgwick,0
20173005400,Sedgwick,0
20173005501,Sedgwick,0
20173005502,Sedgwick,0
20173005600,Sedgwick,0
20173005700,Sedgwick,1
20173005800,Sedgwick,1
20173005900,Sedgwick,1
20173006000,Sedgwick,1
20173006100,Sedgwick,1
20173006200,Sedgwick,0
20173006300,Sedgwick,0
20173006400,Sedgwick,0
20173006500,Sedgwick,1
20173006600,Sedgwick,1
20173006700,Sedgwick,1
20173006800,Sedgwick,0
20173006900,Sedgwick,1
20173007000,Sedgwick,1
20173007101,Sedgwick,0
20173007102,Sedgwick,0
20173007201,Sedgwick,0
20173007203,Sedgwick,0
20173007204,Sedgwick,0
20173007301,Sedgwick,0
20173007302,Sedgwick,0
20173007400,Sedgwick,0
20173007500,Sedgwick,1
20173007600,Sedgwick,0
20173007700,Sedgwick,0
20173007800,Sedgwick,1
20173008000,Sedgwick,0
20173008100,Sedgwick,0
20173008200,Sedgwick,1
20173008300,Sedgwick,0
20173008400,Sedgwick,0
20173008500,Sedgwick,0
20173008600,Sedgwick,0
20173008700,Sedgwick,0
20173008800,Sedgwick,1
20173008900,Sedgwick,0
20173009000,Sedgwick,1
20173009100,Sedgwick,1
20173009200,Sedgwick,0
20173009301,Sedgwick,0
20173009302,Sedgwick,1
20173009401,Sedgwick,0
20173009402,Sedgwick,0
20173009503,Sedgwick,0
20173009504,Sedgwick,0
20173009505,Sedgwick,0
20173009506,Sedgwick,0
20173009507,Sedgwick,0
20173009508,Sedgwick,0
20173009509,Sedgwick,0
20173009510,Sedgwick,0
20173009511,Sedgwick,0
20173009512,Sedgwick,0
20173009513,Sedgwick,0
20173009603,Sedgwick,0
20173009604,Sedgwick,0
20173009605,Sedgwick,0
20173009700,Sedgwick,0
20173009801,Sedgwick,0
20173009802,Sedgwick,0
20173009900,Sedgwick,0
20173010001,Sedgwick,0
20173010002,Sedgwick,0
20173010003,Sedgwick,0
20173010004,Sedgwick,0
20173010005,Sedgwick,0
20173010106,Sedgwick,0
20173010107,Sedgwick,0
20173010108,Sedgwick,0
20173010109,Sedgwick,0
20173010110,Sedgwick,0
20173010111,Sedgwick,0
20173010113,Sedgwick,0
20173010115,Sedgwick,0
20173010116,Sedgwick,0
20173010200,Sedgwick,0
20173010300,Sedgwick,0
20173010400,Sedgwick,0
20173010500,Sedgwick,0
20173010600,Sedgwick,0
20173010700,Sedgwick,0
20173010801,Sedgwick,0
20173010802,Sedgwick,0
20175965600,Seward,0
20175965700,Seward,0
20175965800,Seward,1
20175965900,Seward,1
20175966000,Seward,1
20177000400,Shawnee,0
20177000500,Shawnee,0
20177000600,Shawnee,1
20177000700,Shawnee,1
20177000800,Shawnee,1
20177000900,Shawnee,0
20177001000,Shawnee,1
20177001100,Shawnee,1
20177001200,Shawnee,1
20177001300,Shawnee,0
20177001500,Shawnee,0
20177001601,Shawnee,0
20177001603,Shawnee,0
20177001604,Shawnee,0
20177001800,Shawnee,0
20177001900,Shawnee,0
20177002100,Shawnee,0
20177002200,Shawnee,0
20177002400,Shawnee,0
20177002500,Shawnee,0
20177002601,Shawnee,0
20177002602,Shawnee,0
20177002701,Shawnee,0
20177002702,Shawnee,0
20177002800,Shawnee,0
20177002900,Shawnee,0
20177003001,Shawnee,1
20177003002,Shawnee,0
20177003100,Shawnee,1
20177003301,Shawnee,0
20177003302,Shawnee,0
20177003400,Shawnee,0
20177003500,Shawnee,0
20177003601,Shawnee,0
20177003604,Shawnee,0
20177003605,Shawnee,0
20177003606,Shawnee,0
20177003607,Shawnee,0
20177003700,Shawnee,0
20177003901,Shawnee,0
20177003902,Shawnee,0
20177004000,Shawnee,1
20177004100,Shawnee,0
20179952600,Sheridan,0
20179952700,Sheridan,0
20181453600,Sherman,1
20181453700,Sherman,1
20183475800,Smith,0
20183475900,Smith,1
20185470600,Stafford,0
20185470700,Stafford,0
20187964100,Stanton,0
20189965100,Stevens,1
20189965200,Stevens,0
20191962100,Sumner,0
20191962200,Sumner,0
20191962300,Sumner,0
20191962400,Sumner,0
20191962500,Sumner,0
20191962600,Sumner,0
20193953100,Thomas,0
20193953400,Thomas,0
20195955800,Trego,0
20197483100,Wabaunsee,0
20197483200,Wabaunsee,0
20199954100,Wallace,0
20201978600,Washington,0
20201978700,Washington,0
20203957600,Wichita,0
20205097100,Wilson,1
20205097200,Wilson,0
20205097300,Wilson,0
20205097400,Wilson,1
20207096600,Woodson,0
20207096700,Woodson,0
20209040001,Wyandotte,0
20209040002,Wyandotte,0
20209040200,Wyandotte,1
20209040300,Wyandotte,1
20209040400,Wyandotte,1
20209040500,Wyandotte,0
20209040600,Wyandotte,1
20209040700,Wyandotte,1
20209040800,Wyandotte,0
20209040900,Wyandotte,1
20209041000,Wyandotte,0
20209041100,Wyandotte,0
20209041200,Wyandotte,0
20209041300,Wyandotte,0
20209041500,Wyandotte,0
20209041600,Wyandotte,0
20209041700,Wyandotte,0
20209041800,Wyandotte,0
20209041900,Wyandotte,0
20209042001,Wyandotte,0
20209042002,Wyandotte,0
20209042100,Wyandotte,0
20209042200,Wyandotte,0
20209042300,Wyandotte,0
20209042400,Wyandotte,0
20209042501,Wyandotte,0
20209042502,Wyandotte,0
20209042600,Wyandotte,0
20209042700,Wyandotte,1
20209042800,Wyandotte,1
20209043000,Wyandotte,1
20209043301,Wyandotte,0
20209043400,Wyandotte,1
20209043500,Wyandotte,0
20209043600,Wyandotte,1
20209043700,Wyandotte,0
20209043802,Wyandotte,0
20209043803,Wyandotte,1
20209043804,Wyandotte,0
20209043903,Wyandotte,0
20209043904,Wyandotte,1
20209043905,Wyandotte,1
20209044001,Wyandotte,0
20209044003,Wyandotte,0
20209044004,Wyandotte,0
20209044101,Wyandotte,0
20209044102,Wyandotte,0
20209044103,Wyandotte,0
20209044104,Wyandotte,0
20209044201,Wyandotte,0
20209044202,Wyandotte,0
20209044301,Wyandotte,0
20209044302,Wyandotte,1
20209044303,Wyandotte,1
20209044400,Wyandotte,0
20209044500,Wyandotte,0
20209044601,Wyandotte,0
20209044602,Wyandotte,0
20209044603,Wyandotte,0
20209044702,Wyandotte,0
20209044703,Wyandotte,0
20209044704,Wyandotte,0
20209044803,Wyandotte,0
20209044804,Wyandotte,0
20209044805,Wyandotte,0
20209044806,Wyandotte,0
20209044900,Wyandotte,0
20209045000,Wyandotte,1
20209045100,Wyandotte,0
20209045200,Wyandotte,1
