County,CTY_SUB,AV0AA1970,AV0AA1980,AV0AA1990,AV0AA2000,AV0AA2010,AV0AA2020
Allen County,Carlyle township,281,279,278,276,285,300
Allen County,Cottage Grove township,320,305,292,282,246,232
Allen County,Deer Creek township,153,142,128,142,129,117
Allen County,Elm township,1180,1326,1188,1259,1257,1181
Allen County,Elsmore township,593,535,490,460,414,363
Allen County,Geneva township,173,163,155,172,119,147
Allen County,Humboldt city,2249,2230,2178,1999,1953,1847
Allen County,Humboldt township,326,279,261,273,253,241
Allen County,Iola city,6493,6938,6351,6302,5704,5396
Allen County,Iola township,865,902,937,843,830,756
Allen County,La Harpe city,509,687,650,706,578,480
Allen County,Logan township,235,263,237,225,219,216
Allen County,Marmaton township,924,956,899,853,877,752
Allen County,Osage township,416,347,315,316,258,254
Allen County,Salem township,326,302,279,277,249,244
Anderson County,Garnett city,3169,3310,3210,3368,3415,3242
Anderson County,Indian Creek township,207,175,149,132,127,114
Anderson County,Jackson township,395,433,375,453,459,488
Anderson County,Lincoln township,183,239,167,208,190,178
Anderson County,Lone Elm township,313,269,211,239,230,205
Anderson County,Monroe township,536,495,374,349,349,367
Anderson County,North Rich township,135,103,98,112,107,
Anderson County,Ozark township,543,661,595,565,578,550
Anderson County,Putnam township,269,284,282,284,305,268
Anderson County,Reeder township,506,523,406,427,452,431
Anderson County,Rich township,379,369,343,346,288,338
Anderson County,Union township,180,189,175,,,
Anderson County,Walker township,606,591,496,668,668,694
Anderson County,Washington township,228,298,267,268,272,311
Anderson County,Welda township,334,330,286,301,290,295
Anderson County,Westphalia township,518,480,369,390,372,355
Atchison County,Atchison city,12565,11407,10656,10232,11021,10885
Atchison County,Benton township,1213,1173,1047,1076,1014,963
Atchison County,Center township,650,692,645,676,625,651
Atchison County,Grasshopper township,700,744,631,588,567,501
Atchison County,Kapioma township,308,339,256,271,292,250
Atchison County,Lancaster township,937,878,890,922,818,762
Atchison County,Mount Pleasant township,696,778,685,829,864,834
Atchison County,Shannon township,1564,1867,1483,1753,1282,1106
Atchison County,Walnut township,532,519,639,427,441,396
Barber County,Aetna township,43,37,24,3,7,5
Barber County,Cedar Township,55,,,,,
Barber County,Deerhead township,40,30,15,11,14,11
Barber County,Eagle township,102,97,46,42,25,29
Barber County,Elm Mills township,106,100,124,106,135,119
Barber County,Elwood township,458,446,284,275,241,219
Barber County,Hazelton township,247,251,201,213,153,105
Barber County,Kiowa township,1538,1532,1255,1164,1136,975
Barber County,Lake City township,106,94,97,83,62,66
Barber County,McAdoo township,38,32,29,29,27,16
Barber County,Medicine Lodge township,2993,2810,2838,2573,2334,2052
Barber County,Mingona township,106,89,51,57,78,72
Barber County,Moore township,63,45,40,32,17,35
Barber County,Nippawalla township,74,51,44,26,35,31
Barber County,Ridge township,61,41,26,4,,
Barber County,Sharon township,535,486,440,369,356,299
Barber County,Sun City township,174,131,127,100,68,42
Barber County,Turkey Creek township,44,45,35,37,26,21
Barber County,Valley township,233,231,198,183,147,131
Barton County,Albion township,112,90,61,58,63,60
Barton County,Beaver township,249,185,122,108,99,98
Barton County,Buffalo township,420,529,587,490,417,431
Barton County,Cheyenne township,430,316,281,238,207,200
Barton County,Clarence township,159,163,145,125,117,133
Barton County,Cleveland township,141,91,79,69,42,25
Barton County,Comanche township,401,362,500,452,462,408
Barton County,Ellinwood city,2416,2508,2329,2164,2131,2011
Barton County,Eureka township,151,147,149,116,82,70
Barton County,Fairview township,187,156,125,129,89,110
Barton County,Grant township,142,119,80,79,55,50
Barton County,Great Bend city,16133,16608,15427,15345,15995,14733
Barton County,Great Bend township,1523,1918,1976,1839,1752,1365
Barton County,Hoisington city,3710,3678,3182,2975,2706,2699
Barton County,Independent township,1049,914,890,844,758,655
Barton County,Lakin township,426,346,313,299,262,251
Barton County,Liberty township,291,316,382,321,262,248
Barton County,Logan township,203,195,155,176,138,165
Barton County,North Homestead township,163,133,124,133,111,105
Barton County,Pawnee Rock township,582,536,515,544,373,313
Barton County,South Bend township,533,750,805,682,674,566
Barton County,South Homestead township,312,480,390,343,322,338
Barton County,Union township,217,161,137,128,101,77
Barton County,Walnut township,599,556,544,474,403,327
Barton County,Wheatland township,114,86,84,74,53,55
Bourbon County,Drywood township,388,406,399,394,409,366
Bourbon County,Fort Scott city,8967,8893,8362,8297,8087,7552
Bourbon County,Franklin township,321,324,227,312,354,304
Bourbon County,Freedom township,469,490,404,505,590,585
Bourbon County,Marion township,1179,1301,1147,1165,1109,1110
Bourbon County,Marmaton township,620,751,744,815,769,724
Bourbon County,Mill Creek township,412,528,480,472,523,488
Bourbon County,Osage township,357,374,371,394,354,348
Bourbon County,Pawnee township,347,333,279,308,307,280
Bourbon County,Scott township,1615,2090,2158,2326,2327,2219
Bourbon County,Timberhill township,302,302,242,256,217,263
Bourbon County,Walnut township,238,177,153,135,127,121
Brown County,Hamlin township,529,419,387,344,335,275
Brown County,Hiawatha city,3365,3702,3603,3417,3172,3280
Brown County,Hiawatha township,885,859,681,739,710,616
Brown County,Horton city,2177,2130,1885,1967,1776,1523
Brown County,Irving township,318,298,315,311,306,315
Brown County,Mission township,837,764,671,645,556,550
Brown County,Morrill township,640,647,587,503,479,491
Brown County,Padonia township,322,339,311,259,234,204
Brown County,Powhattan township,690,875,913,874,888,849
Brown County,Robinson township,581,589,532,452,422,363
Brown County,Sabetha city,,4,6,7,7,11
Brown County,Walnut township,781,731,712,665,592,560
Brown County,Washington township,560,598,525,541,507,471
Butler County,Augusta city,5977,6968,7876,8423,9274,9256
Butler County,Augusta township,1126,1074,1077,1405,1371,1242
Butler County,Benton township,963,1404,1747,2211,2278,2330
Butler County,Bloomington township,299,316,386,544,535,495
Butler County,Bruno township,3677,5394,7143,9744,14123,16821
Butler County,Chelsea township,225,99,144,190,267,273
Butler County,Clay township,93,112,83,83,70,94
Butler County,Clifford township,277,260,255,259,276,253
Butler County,Douglass township,1413,1834,2116,2306,2171,2019
Butler County,El Dorado city,12308,10510,11504,12057,13021,12870
Butler County,El Dorado township,1268,2456,1347,1700,1039,874
Butler County,Fairmount township,385,464,422,511,489,474
Butler County,Fairview township,269,384,437,491,519,470
Butler County,Glencoe township,248,254,230,239,202,180
Butler County,Hickory township,137,101,85,90,74,96
Butler County,Lincoln township,261,273,275,317,310,288
Butler County,Little Walnut township,650,880,968,1002,1044,939
Butler County,Logan township,119,96,144,154,122,120
Butler County,Milton township,884,1093,1100,1136,1153,1040
Butler County,Murdock township,234,276,376,378,402,459
Butler County,Pleasant township,1307,2938,4058,4649,5122,5342
Butler County,Plum Grove township,692,763,645,661,660,591
Butler County,Prospect township,867,986,1117,2033,2429,2262
Butler County,Richland township,833,963,1540,2399,2568,2562
Butler County,Rock Creek township,218,228,272,299,325,269
Butler County,Rosalia township,422,525,545,589,631,554
Butler County,Spring township,922,1055,1374,1566,1487,1432
Butler County,Sycamore township,342,330,351,333,343,315
Butler County,Towanda township,1669,2040,2160,2727,2668,2651
Butler County,Union township,220,205,210,226,184,133
Butler County,Walnut township,353,501,593,760,723,676
Chase County,Bazaar township,137,95,93,81,93,111
Chase County,Cedar township,158,167,113,116,93,59
Chase County,Cottonwood township,251,235,200,184,139,159
Chase County,Diamond Creek township,314,311,277,237,241,225
Chase County,Falls township,1213,1125,1081,1163,1126,1053
Chase County,Homestead township,117,108,65,52,45,40
Chase County,Matfield township,226,175,143,155,119,126
Chase County,Strong township,680,797,774,740,634,507
Chase County,Toledo township,312,296,275,302,300,292
Chautauqua County,Belleville township,718,810,689,675,569,458
Chautauqua County,Caneyville township,89,88,80,88,76,89
Chautauqua County,Center township,132,105,104,75,63,81
Chautauqua County,Harrison township,152,158,124,114,71,70
Chautauqua County,Hendricks township,193,241,179,179,143,108
Chautauqua County,Jefferson township,816,955,875,834,686,568
Chautauqua County,Lafayette township,65,86,72,65,29,27
Chautauqua County,Little Caney township,250,298,265,353,329,330
Chautauqua County,Salt Creek township,132,139,109,123,105,118
Chautauqua County,Sedan township,1859,1878,1676,1660,1435,1367
Chautauqua County,Summit township,122,126,107,106,78,92
Chautauqua County,Washington township,114,132,127,87,85,71
Cherokee County,Baxter Springs city,4489,4773,4351,4602,4238,3888
Cherokee County,Cherokee township,357,374,342,336,331,320
Cherokee County,Columbus city,3356,3426,3268,3396,3312,2929
Cherokee County,Crawford township,498,559,550,646,636,579
Cherokee County,Galena city,3712,3587,3308,3287,3085,2761
Cherokee County,Garden township,1973,2470,2703,3039,3045,2731
Cherokee County,Lola township,422,390,357,382,344,288
Cherokee County,Lowell township,379,547,564,672,675,663
Cherokee County,Lyon township,622,669,527,528,562,328
Cherokee County,Mineral township,318,291,239,254,216,203
Cherokee County,Neosho township,340,349,281,306,279,225
Cherokee County,Oswego city,,,,,,0
Cherokee County,Pleasant View township,546,576,508,658,627,585
Cherokee County,Ross township,997,921,847,893,782,650
Cherokee County,Salamanca township,597,559,575,569,505,493
Cherokee County,Scammon city,457,501,466,496,482,376
Cherokee County,Shawnee township,456,480,478,505,461,545
Cherokee County,Sheridan township,334,302,246,249,231,201
Cherokee County,Spring Valley township,956,825,1034,1007,1106,1028
Cherokee County,Weir city,740,705,730,780,686,569
Cheyenne County,Alexander Township,121,,,,,
Cheyenne County,Beaver Township,105,,,,,
Cheyenne County,Benkelman township,72,77,55,57,28,42
Cheyenne County,Bird City township,747,947,794,771,687,655
Cheyenne County,Calhoun township,120,88,61,57,36,41
Cheyenne County,Cherry Creek township,130,114,117,,,
Cheyenne County,Cleveland Run township,103,82,80,67,54,68
Cheyenne County,Dent Township,124,,,,,
Cheyenne County,Eureka Township,114,,,,,
Cheyenne County,Evergreen Township,40,,,,,
Cheyenne County,Jaqua township,88,75,60,46,33,35
Cheyenne County,Jefferson Township,62,,,,,
Cheyenne County,Lawn Ridge Township,118,,,,,
Cheyenne County,Nutty Combe Township,63,,,,,
Cheyenne County,Orlando township,105,91,66,63,49,44
Cheyenne County,Porter Township,145,,,,,
Cheyenne County,Wano township,1999,2204,2010,2104,1839,1731
Clark County,Appleton township,822,908,875,921,940,912
Clark County,Brown Township,80,,,,,
Clark County,Center township,1451,1238,1146,1097,974,867
Clark County,Englewood township,195,197,148,171,125,110
Clark County,Lexington township,74,84,63,83,78,38
Clark County,Liberty township,40,42,61,32,35,13
Clark County,Sitka township,161,130,125,86,63,51
Clark County,Vesta Township,73,,,,,
Clay County,Athelstane township,208,194,158,144,119,106
Clay County,Blaine township,249,293,298,259,239,214
Clay County,Bloom township,163,122,98,125,113,161
Clay County,Chapman township,275,264,188,202,191,175
Clay County,Clay Center city,4963,4948,4613,4564,4334,4199
Clay County,Clay Center township,386,383,398,368,390,384
Clay County,Exeter township,128,115,94,81,76,60
Clay County,Five Creeks township,183,171,160,159,123,118
Clay County,Garfield township,209,159,134,107,117,91
Clay County,Gill township,167,150,161,140,128,146
Clay County,Goshen township,145,110,80,92,60,41
Clay County,Grant township,134,144,116,132,146,171
Clay County,Hayes township,233,221,261,206,222,184
Clay County,Highland township,361,376,340,310,278,254
Clay County,Mulberry township,576,501,402,331,331,278
Clay County,Oakland township,148,108,96,110,95,104
Clay County,Republican township,745,971,1055,1024,1142,1068
Clay County,Sherman township,436,394,347,328,275,235
Clay County,Union township,181,178,159,140,156,128
Cloud County,Arion township,166,137,107,105,100,112
Cloud County,Aurora township,280,230,195,169,120,133
Cloud County,Buffalo township,200,152,159,119,112,93
Cloud County,Center township,202,196,218,172,187,182
Cloud County,Colfax township,119,95,69,49,37,55
Cloud County,Concordia city,7221,6847,6167,5714,5395,5111
Cloud County,Elk township,1102,1055,906,845,817,785
Cloud County,Grant township,604,551,430,479,350,324
Cloud County,Lawrence township,202,230,169,146,118,128
Cloud County,Lincoln township,286,356,421,378,359,363
Cloud County,Lyon township,180,148,126,103,122,84
Cloud County,Meredith township,116,104,85,77,75,73
Cloud County,Nelson township,193,172,161,137,109,106
Cloud County,Oakland township,85,70,57,52,37,36
Cloud County,Shirley township,274,226,189,178,147,150
Cloud County,Sibley township,212,239,205,178,184,149
Cloud County,Solomon township,963,855,663,664,591,547
Cloud County,Starr township,948,757,620,653,624,550
Cloud County,Summit township,113,74,76,50,49,51
Coffey County,Avon township,268,275,185,183,180,161
Coffey County,Burlington city,2099,2901,2735,2790,2674,2634
Coffey County,Burlington township,317,363,313,300,341,383
Coffey County,California Township,55,,,,,
Coffey County,Hampden township,138,105,82,114,128,145
Coffey County,Key West township,223,225,198,237,242,263
Coffey County,LeRoy township,649,792,648,669,669,553
Coffey County,Liberty township,704,723,638,634,555,550
Coffey County,Lincoln township,827,1205,1134,1268,1281,1227
Coffey County,Neosho township,188,173,144,140,131,109
Coffey County,Ottumwa township,288,742,676,740,716,716
Coffey County,Pleasant township,184,270,238,272,254,256
Coffey County,Pottawatomie township,288,239,212,217,205,179
Coffey County,Rock Creek township,845,1000,900,1025,955,914
Coffey County,Spring Creek township,152,160,147,118,114,123
Coffey County,Star township,172,197,154,158,156,147
Comanche County,Avilla township,124,111,106,58,84,58
Comanche County,Coldwater township,1275,1359,1223,1086,1048,920
Comanche County,Logan Township,59,,,,,
Comanche County,Nescatunga Township,54,,,,,
Comanche County,Powell township,153,156,120,89,82,55
Comanche County,Protection township,896,928,864,734,677,656
Comanche County,Shimer Township,62,,,,,
Comanche County,Valley Township,79,,,,,
Cowley County,Arkansas City city,13216,13201,12762,11963,12415,11974
Cowley County,Beaver township,232,225,244,244,205,212
Cowley County,Bolton township,1498,1681,1961,1754,1705,1434
Cowley County,Cedar township,78,78,46,44,37,20
Cowley County,Creswell township,1522,2290,2414,2098,1970,1888
Cowley County,Dexter township,469,570,549,506,433,374
Cowley County,Fairview township,233,226,217,203,248,281
Cowley County,Grant township,95,93,58,76,67,75
Cowley County,Harvey township,125,118,109,117,94,83
Cowley County,Liberty township,148,199,160,218,163,174
Cowley County,Maple township,336,473,588,702,716,761
Cowley County,Ninnescah township,883,1142,1126,1114,1050,915
Cowley County,Omnia township,331,358,320,357,312,274
Cowley County,Otter township,80,73,45,54,40,24
Cowley County,Pleasant Valley township,792,1027,830,838,885,813
Cowley County,Richland township,166,170,184,178,196,169
Cowley County,Rock Creek township,248,233,209,243,243,266
Cowley County,Salem township,245,273,298,364,306,307
Cowley County,Sheridan township,162,144,160,159,152,161
Cowley County,Silver Creek township,671,707,698,770,715,689
Cowley County,Silverdale township,296,376,359,327,354,329
Cowley County,Spring Creek township,122,89,78,77,75,76
Cowley County,Tisdale township,255,305,299,340,325,298
Cowley County,Vernon township,649,709,513,502,484,431
Cowley County,Walnut township,520,1105,550,626,644,590
Cowley County,Windsor township,235,223,207,211,176,154
Cowley County,Winfield city,11405,10736,11931,12206,12301,11777
Crawford County,Baker township,2926,3330,3350,3640,3408,3467
Crawford County,Crawford township,827,761,723,883,928,1042
Crawford County,Frontenac city,2223,2586,2588,2996,3437,3382
Crawford County,Girard city,2591,2888,2794,2773,2789,2496
Crawford County,Grant township,404,368,267,247,236,233
Crawford County,Lincoln township,920,1048,803,942,832,790
Crawford County,Mulberry city,622,647,555,577,520,409
Crawford County,Osage township,950,853,793,756,686,742
Crawford County,Pittsburg city,20171,18770,17775,19243,20233,20646
Crawford County,Sheridan township,1520,1619,1397,1501,1451,1273
Crawford County,Sherman township,564,549,519,520,536,486
Crawford County,Walnut township,884,843,612,624,577,487
Crawford County,Washington township,3248,3654,3392,3540,3501,3519
Decatur County,Allison township,99,67,47,39,23,49
Decatur County,Altory township,44,36,34,16,18,16
Decatur County,Bassettville township,67,53,52,26,35,18
Decatur County,Beaver township,97,105,85,86,82,69
Decatur County,Center township,83,67,61,60,58,52
Decatur County,Cook township,62,55,51,44,24,19
Decatur County,Custer township,69,48,41,27,25,48
Decatur County,Dresden township,279,200,188,141,112,91
Decatur County,Finley township,111,91,58,39,49,43
Decatur County,Garfield township,83,46,42,41,42,42
Decatur County,Grant township,76,45,28,31,11,17
Decatur County,Harlan township,90,75,52,51,21,31
Decatur County,Jennings township,297,248,227,173,133,109
Decatur County,Liberty township,87,75,59,48,51,41
Decatur County,Lincoln township,360,268,234,203,172,168
Decatur County,Logan township,81,65,59,52,33,39
Decatur County,Lyon township,53,34,37,24,13,19
Decatur County,Oberlin city,,,2197,1994,1788,1644
Decatur County,Oberlin township,2392,2471,129,91,81,81
Decatur County,Olive township,95,109,80,68,33,53
Decatur County,Pleasant Valley township,110,82,73,46,38,27
Decatur County,Prairie Dog township,90,72,48,50,38,27
Decatur County,Roosevelt township,71,42,28,32,18,7
Decatur County,Sappa township,68,55,47,43,36,17
Decatur County,Sherman township,75,58,35,25,14,17
Decatur County,Summit township,49,42,29,22,13,20
Dickinson County,Abilene city,6661,6572,6242,6543,6844,6460
Dickinson County,Banner township,177,159,145,148,108,75
Dickinson County,Buckeye township,407,411,403,437,420,449
Dickinson County,Center township,1305,1298,1286,1210,1218,1059
Dickinson County,Cheever township,198,149,140,149,130,165
Dickinson County,Flora township,243,243,203,217,217,168
Dickinson County,Fragrant Hill township,221,239,222,251,289,242
Dickinson County,Garfield township,194,183,170,189,199,187
Dickinson County,Grant township,1049,1037,888,918,977,916
Dickinson County,Hayes township,220,233,206,233,240,258
Dickinson County,Herington city,3165,2930,2685,2563,2526,2109
Dickinson County,Holland township,126,144,121,107,118,103
Dickinson County,Hope township,654,659,580,519,497,438
Dickinson County,Jefferson township,267,224,196,166,175,216
Dickinson County,Liberty township,388,424,384,405,342,308
Dickinson County,Lincoln township,1394,1618,1472,1669,1643,1535
Dickinson County,Logan township,276,246,205,202,216,170
Dickinson County,Lyon township,238,269,256,252,243,221
Dickinson County,Newbern township,262,320,346,349,326,362
Dickinson County,Noble township,1419,1719,1773,1730,1917,1863
Dickinson County,Ridge township,207,177,162,160,136,132
Dickinson County,Rinehart township,224,208,195,194,212,232
Dickinson County,Sherman township,190,140,148,147,162,164
Dickinson County,Union township,174,212,189,176,170,158
Dickinson County,Wheatland township,165,161,141,152,162,129
Dickinson County,Willowdale township,169,200,200,258,267,283
Doniphan County,Burr Oak township,266,232,236,153,159,188
Doniphan County,Center township,1904,1944,1719,1743,1703,1663
Doniphan County,Independence township,351,347,334,342,289,257
Doniphan County,Iowa township,1823,1843,1748,1694,1641,1433
Doniphan County,Marion township,300,264,226,226,211,215
Doniphan County,Union township,443,390,378,360,297,276
Doniphan County,Washington township,3104,3459,2825,3066,3079,2927
Doniphan County,Wayne township,323,265,241,226,196,201
Doniphan County,Wolf River township,593,524,427,439,370,350
Douglas County,Clinton township,439,275,354,531,586,626
Douglas County,Eudora township,2868,3821,4011,5571,7441,7734
Douglas County,Grant township,490,430,440,442,371,382
Douglas County,Kanwaka township,646,704,1017,1317,1412,1401
Douglas County,Lawrence city,45698,52738,65608,80098,87643,94934
Douglas County,Lecompton township,1032,1250,1501,1761,1707,1669
Douglas County,Marion township,557,600,662,836,812,845
Douglas County,Palmyra township,3798,4471,4736,5760,7073,7575
Douglas County,Wakarusa township,1665,2246,2158,2237,2318,2102
Douglas County,Willow Springs township,739,1105,1311,1409,1463,1517
Edwards County,Belpre township,326,277,221,186,178,182
Edwards County,Franklin township,167,137,109,93,80,92
Edwards County,Jackson township,176,118,111,98,57,51
Edwards County,Kinsley city,2212,2074,1875,1658,1457,1456
Edwards County,Kinsley township,228,201,191,160,139,112
Edwards County,Lincoln township,175,174,164,143,119,112
Edwards County,Logan township,101,62,55,42,33,27
Edwards County,North Brown township,98,97,104,67,64,53
Edwards County,South Brown township,121,110,100,90,78,90
Edwards County,Trenton township,333,333,297,306,274,239
Edwards County,Wayne township,644,688,560,606,558,493
Elk County,Elk Falls township,223,261,206,196,187,197
Elk County,Greenfield township,415,423,340,321,302,252
Elk County,Howard township,1166,1163,1012,1006,873,713
Elk County,Liberty township,157,132,132,117,113,106
Elk County,Longton township,439,506,481,530,439,351
Elk County,Oak Valley township,122,136,132,154,143,92
Elk County,Painterhood township,76,94,80,68,59,73
Elk County,Paw Paw township,232,191,149,116,124,107
Elk County,Union Center township,218,199,114,116,103,115
Elk County,Wildcat township,810,813,681,637,539,477
Ellis County,Big Creek township,2524,3336,2494,1798,1883,2077
Ellis County,Buckeye township,189,315,280,285,414,391
Ellis County,Catherine township,306,292,289,318,312,281
Ellis County,East Hamilton Township,72,,,,,
Ellis County,Ellis city,2137,2062,1814,1873,2062,1958
Ellis County,Ellis township,352,482,384,386,418,452
Ellis County,Freedom township,213,208,123,125,118,106
Ellis County,Hays city,15396,16301,17767,20013,20510,21116
Ellis County,Herzog township,743,972,901,894,894,839
Ellis County,Lookout township,489,591,534,569,579,523
Ellis County,Pleasant Hill Township,187,,,,,
Ellis County,Riverview Township,128,,,,,
Ellis County,Saline Township,100,,,,,
Ellis County,Smoky Hill Township,144,,,,,
Ellis County,Victoria township,902,1060,976,845,876,804
Ellis County,Walker Township,276,,,,,
Ellis County,West Hamilton Township,103,,,,,
Ellis County,Wheatland township,469,479,442,401,386,387
Ellsworth County,Ash Creek township,61,76,66,58,55,47
Ellsworth County,Black Wolf township,66,99,99,87,79,85
Ellsworth County,Carneiro township,78,65,53,57,61,54
Ellsworth County,Clear Creek township,85,110,104,91,82,101
Ellsworth County,Columbia township,130,92,74,60,49,51
Ellsworth County,Ellsworth city,2080,2465,2294,2965,3120,3066
Ellsworth County,Ellsworth township,899,979,1425,797,729,648
Ellsworth County,Empire township,95,78,78,174,196,142
Ellsworth County,Garfield township,25,44,44,27,40,62
Ellsworth County,Green Garden township,254,250,235,211,213,205
Ellsworth County,Langley township,85,81,80,76,74,60
Ellsworth County,Lincoln township,49,38,43,62,44,59
Ellsworth County,Mulberry township,21,36,35,44,27,39
Ellsworth County,Noble township,150,103,93,90,87,104
Ellsworth County,Palacky township,73,66,67,63,60,57
Ellsworth County,Sherman township,73,103,94,65,60,80
Ellsworth County,Thomas township,86,78,67,72,53,64
Ellsworth County,Trivoli township,57,80,53,55,54,39
Ellsworth County,Valley township,739,700,611,577,538,481
Ellsworth County,Wilson township,1040,1097,971,894,876,932
Finney County,Garden City city,14708,18256,24097,28451,26658,28151
Finney County,Garden City township,1940,2724,5368,7400,5761,5773
Finney County,Garfield township,479,342,326,331,288,345
Finney County,Ivanhoe township,220,298,370,666,464,489
Finney County,Pierceville township,334,422,495,551,491,459
Finney County,Pleasant Valley township,112,118,124,139,166,144
Finney County,Sherlock township,870,1436,2060,2758,2789,2958
Finney County,Terry township,284,229,230,227,159,151
Ford County,Bloom township,149,132,134,113,116,110
Ford County,Bucklin township,837,943,848,900,885,821
Ford County,Concord township,124,99,115,117,104,122
Ford County,Dodge City city,14127,18001,21129,25176,27340,27788
Ford County,Dodge township,2348,884,674,899,693,683
Ford County,Enterprise township,545,633,736,1113,882,998
Ford County,Fairview township,189,320,309,346,290,277
Ford County,Ford township,393,424,403,456,364,329
Ford County,Grandview township,862,783,759,784,624,569
Ford County,Pleasant Valley Township,83,,,,,
Ford County,Richland township,863,319,673,931,888,893
Ford County,Royal township,97,107,106,105,207,228
Ford County,Sodville township,135,129,124,110,109,89
Ford County,Spearville township,1340,1172,1151,1150,1104,1163
Ford County,Wheatland township,342,235,210,170,151,139
Ford County,Wilburn township,153,134,92,88,91,78
Franklin County,Appanoose township,245,257,263,293,306,344
Franklin County,Centropolis township,616,758,822,997,1011,1006
Franklin County,Cutler township,537,714,669,856,798,748
Franklin County,Franklin township,1663,2219,2178,2552,3065,3080
Franklin County,Greenwood township,260,347,366,429,459,403
Franklin County,Harrison township,484,420,402,445,438,460
Franklin County,Hayes township,258,314,362,397,393,431
Franklin County,Homewood township,329,411,412,493,532,550
Franklin County,Lincoln township,469,475,902,797,857,833
Franklin County,Ohio township,499,621,650,783,770,768
Franklin County,Ottawa city,11036,11016,10667,11921,12649,12625
Franklin County,Ottawa township,665,923,792,868,813,842
Franklin County,Peoria township,374,514,526,626,672,646
Franklin County,Pomona township,718,1080,1051,1174,1078,1128
Franklin County,Pottawatomie township,534,561,582,669,605,607
Franklin County,Richmond township,722,780,833,812,842,829
Franklin County,Williamsburg township,598,652,517,672,704,696
Geary County,Blakely township,100,94,107,113,101,113
Geary County,Jackson township,84,100,84,78,59,96
Geary County,Jefferson township,1113,1740,1749,1651,2041,2159
Geary County,Junction City city,19018,19305,20604,18886,23353,22932
Geary County,Liberty township,252,286,246,225,167,185
Geary County,Lyon township,193,272,301,298,305,250
Geary County,Milford township,1346,1285,1445,1583,1669,1698
Geary County,Smoky Hill township,5861,6625,5758,4974,6531,9143
Geary County,Wingfield township,144,145,159,139,136,163
Gove County,Baker township,1360,1400,1344,1357,1291,1276
Gove County,Gaeland township,89,80,55,46,52,52
Gove County,Gove township,365,293,230,215,173,181
Gove County,Grainfield township,615,585,467,430,369,406
Gove County,Grinnell township,723,678,557,480,399,406
Gove County,Jerome township,168,154,149,132,97,99
Gove County,Larrabee township,111,102,93,80,61,58
Gove County,Lewis township,26,26,20,13,7,12
Gove County,Payne township,483,408,316,315,246,228
Graham County,Allodium township,101,102,64,46,51,36
Graham County,Bryant township,293,231,162,115,74,80
Graham County,Gettysburg township,157,110,103,83,74,71
Graham County,Graham township,101,76,60,53,54,51
Graham County,Happy township,157,108,86,72,54,59
Graham County,Hill City township,2394,2205,2025,1747,1591,1518
Graham County,Indiana township,89,65,42,42,31,26
Graham County,Millbrook township,291,215,179,150,108,90
Graham County,Morlan township,184,112,113,68,64,51
Graham County,Nicodemus township,100,81,66,52,59,43
Graham County,Pioneer township,106,67,45,57,34,16
Graham County,Solomon township,386,317,293,209,193,145
Graham County,Wildhorse township,392,306,305,252,210,229
Grant County,Lincoln township,4769,5832,6226,7058,7102,6644
Grant County,Sherman township,561,536,534,498,465,437
Grant County,Sullivan township,631,609,399,353,262,271
Gray County,Cimarron township,1617,1937,2125,2379,2647,2418
Gray County,Copeland township,517,574,536,540,552,502
Gray County,East Hess township,422,396,373,372,360,335
Gray County,Foote township,160,152,124,126,99,131
Gray County,Ingalls township,480,595,611,646,609,564
Gray County,Logan township,205,197,196,216,207,163
Gray County,Montezuma township,922,1287,1431,1625,1532,1540
Gray County,West Hess Township,193,,,,,
Greeley County,Colony township,220,235,203,172,,
Greeley County,Harrison township,144,185,134,107,,
Greeley County,Tribune township,1455,1425,1437,1255,1247,1284
Greenwood County,Bachelor township,236,195,236,230,193,164
Greenwood County,Eureka city,3576,3425,2974,2914,2633,2332
Greenwood County,Eureka township,322,369,481,451,395,355
Greenwood County,Fall River township,249,239,214,229,206,203
Greenwood County,Janesville township,693,665,600,548,469,333
Greenwood County,Lane township,267,238,153,167,113,75
Greenwood County,Madison township,1447,1431,1222,1155,983,1007
Greenwood County,Otter Creek township,300,238,184,211,209,165
Greenwood County,Pleasant Grove township,101,66,51,52,48,64
Greenwood County,Quincy township,222,195,177,163,145,164
Greenwood County,Salem township,48,48,29,35,33,25
Greenwood County,Salt Springs township,400,388,395,463,410,384
Greenwood County,Shell Rock township,290,238,208,173,160,131
Greenwood County,South Salem township,166,137,129,127,95,96
Greenwood County,Spring Creek township,151,122,137,154,109,110
Greenwood County,Twin Grove township,673,770,657,601,488,408
Hamilton County,Bear Creek township,119,81,60,69,117,66
Hamilton County,Coolidge township,215,182,144,128,149,101
Hamilton County,Kendall township,138,103,86,101,85,70
Hamilton County,Lamont township,144,108,91,89,85,84
Hamilton County,Liberty township,65,32,30,38,34,43
Hamilton County,Medway township,60,39,38,53,60,40
Hamilton County,Richland township,55,40,28,27,30,30
Hamilton County,Syracuse township,1951,1929,1911,2165,2130,2084
Harper County,Anthony city,2653,2661,2516,2440,2269,2108
Harper County,Anthony Township,313,,,,,
Harper County,Banner Township,180,,,,,
Harper County,Berlin Township,105,,,,,
Harper County,Blaine Township,134,,,,,
Harper County,Chicaskia Township,153,,,,,
Harper County,Eagle Township,141,,,,,
Harper County,Empire Township,67,,,,,
Harper County,Garden Township,92,,,,,
Harper County,Grant Township,142,,,,,
Harper County,Greene Township,88,,,,,
Harper County,Harper city,1665,1823,1735,1567,1473,1313
Harper County,Harper Township,139,,,,,
Harper County,Lake Township,91,,,,,
Harper County,Lawn Township,97,,,,,
Harper County,Liberty Township,89,,,,,
Harper County,Odell Township,226,,,,,
Harper County,Pilot Knob Township,194,,,,,
Harper County,Ruella Township,739,,,,,
Harper County,Silver Creek Township,136,,,,,
Harper County,Spring Township,134,,,,,
Harper County,Stohrville Township,293,,,,,
Harper County,Township 1,,1206,1125,1000,963,834
Harper County,Township 2,,270,189,144,115,102
Harper County,Township 3,,554,414,394,300,273
Harper County,Township 4,,318,268,232,220,178
Harper County,Township 5,,551,499,463,412,406
Harper County,Township 6,,395,378,296,282,271
Harvey County,Alta township,267,242,243,221,236,221
Harvey County,Burrton township,1035,1211,1149,1143,1080,1057
Harvey County,Darlington township,409,527,471,601,575,586
Harvey County,Emma township,2433,3618,3612,4181,4267,4038
Harvey County,Garden township,303,296,301,294,280,300
Harvey County,Halstead city,1716,1994,2015,1873,2085,2179
Harvey County,Halstead township,404,378,390,353,365,392
Harvey County,Highland township,342,386,408,415,388,384
Harvey County,Lake township,233,219,191,173,158,170
Harvey County,Lakin township,306,346,327,357,331,358
Harvey County,Macon township,456,632,819,1056,531,498
Harvey County,Newton city,15439,16332,16700,17190,19132,18602
Harvey County,Newton township,1499,1708,1694,1950,2130,2207
Harvey County,Pleasant township,258,323,389,439,400,457
Harvey County,Richland township,244,211,200,360,367,358
Harvey County,Sedgwick township,1498,1682,1701,1711,1833,1748
Harvey County,Walton township,394,426,418,552,526,469
Haskell County,Dudley township,1579,1541,1522,1814,1683,1435
Haskell County,Haskell township,1619,1721,1825,1971,2094,1880
Haskell County,Lockport township,474,552,539,522,479,465
Hodgeman County,Benton township,50,47,42,48,36,27
Hodgeman County,Center township,1208,1098,1053,1121,1085,963
Hodgeman County,Hallet township,76,69,41,62,58,45
Hodgeman County,Marena township,568,500,542,432,389,384
Hodgeman County,North Roscoe township,115,76,73,51,48,31
Hodgeman County,Sawlog township,170,124,100,93,91,61
Hodgeman County,South Roscoe township,124,99,107,76,62,50
Hodgeman County,Sterling township,230,163,153,144,101,99
Hodgeman County,Valley township,121,93,66,58,46,63
Jackson County,Adrian township,166,125,114,150,176,188
Jackson County,Banner township,264,329,312,300,328,327
Jackson County,Cedar township,828,1164,1132,1254,1402,1392
Jackson County,Douglas township,1243,1711,1812,2135,2314,2146
Jackson County,Franklin township,472,600,634,776,1022,903
Jackson County,Garfield township,619,600,604,624,640,564
Jackson County,Grant township,178,211,183,212,170,186
Jackson County,Holton city,3063,3132,3196,3353,3329,3401
Jackson County,Jefferson township,467,517,466,494,513,528
Jackson County,Liberty township,421,416,410,513,510,539
Jackson County,Lincoln township,528,756,892,1046,1221,1313
Jackson County,Netawaka township,413,474,371,361,330,324
Jackson County,Soldier township,479,493,395,403,404,344
Jackson County,Straight Creek township,236,193,181,158,185,202
Jackson County,Washington township,459,453,443,516,582,556
Jackson County,Whiting township,506,470,380,362,336,319
Jefferson County,Delaware township,1889,1981,2000,2034,1939,1802
Jefferson County,Fairview township,149,669,995,1510,1699,1622
Jefferson County,Jefferson No. 10 township,,,1191,,,
Jefferson County,Jefferson township,1045,1241,,1240,1160,1090
Jefferson County,Kaw township,1013,1301,1356,1409,1461,1390
Jefferson County,Kentucky township,1129,1453,1443,1576,1746,1557
Jefferson County,Norton township,1121,1016,934,955,931,859
Jefferson County,Oskaloosa township,1572,1776,1832,2142,2169,2167
Jefferson County,Ozawkie township,430,950,1128,1408,1637,1628
Jefferson County,Rock Creek township,1558,2234,2299,2718,2890,2801
Jefferson County,Rural township,476,588,588,804,761,776
Jefferson County,Sarcoxie township,456,644,755,958,999,986
Jefferson County,Union township,1107,1354,1384,1672,1734,1690
Jewell County,Allen township,77,68,58,43,24,13
Jewell County,Athens township,141,105,91,74,50,50
Jewell County,Browns Creek township,90,71,74,64,50,57
Jewell County,Buffalo township,745,723,652,574,507,458
Jewell County,Burr Oak township,568,473,349,338,226,197
Jewell County,Calvin township,78,73,57,65,48,36
Jewell County,Center township,1477,1366,1173,1100,975,956
Jewell County,Erving township,121,86,67,60,38,37
Jewell County,Esbon township,357,358,231,222,155,141
Jewell County,Grant township,345,280,223,220,177,159
Jewell County,Harrison township,85,71,60,52,33,46
Jewell County,Highland township,98,67,66,49,39,35
Jewell County,Holmwood township,96,71,67,49,44,42
Jewell County,Ionia township,188,153,106,100,81,67
Jewell County,Jackson township,207,191,154,123,97,110
Jewell County,Limestone township,131,103,87,49,49,37
Jewell County,Montana township,147,118,96,93,73,64
Jewell County,Odessa township,88,74,44,34,21,16
Jewell County,Prairie township,291,250,190,172,121,139
Jewell County,Richland township,72,39,42,36,33,32
Jewell County,Sinclair township,148,111,78,67,60,59
Jewell County,Vicksburg township,95,60,42,28,27,21
Jewell County,Walnut township,178,113,86,80,54,56
Jewell County,Washington township,159,115,76,50,55,52
Jewell County,White Mound township,117,102,82,49,40,52
Johnson County,Aubry township,1246,2989,4294,5440,4204,4650
Johnson County,Bonner Springs city,,,3,1,0,0
Johnson County,Countryside city,403,346,312,295,,
Johnson County,De Soto city,1839,2061,2291,4561,5720,6118
Johnson County,Edgerton city,513,1214,1244,1440,1671,1748
Johnson County,Fairway city,5133,4619,4173,3952,3882,4170
Johnson County,Gardner city,1839,2392,3191,9396,19123,23287
Johnson County,Gardner township,1852,2595,2888,2143,2905,2593
Johnson County,Lake Quivira city,,1029,943,883,866,961
Johnson County,Leawood city,10349,13360,19693,27656,31867,33902
Johnson County,Lenexa city,5242,18639,34034,40238,48190,57434
Johnson County,Lexington township,2854,1978,1876,1315,1312,1497
Johnson County,McCamish township,559,922,857,878,996,980
Johnson County,Merriam city,10851,10794,11821,11008,11003,11098
Johnson County,Mission city,8376,8643,9504,9727,9323,9954
Johnson County,Mission Hills city,4177,3904,3446,3593,3498,3594
Johnson County,Mission Woods city,242,213,182,165,178,203
Johnson County,Monticello township,1526,2813,134,0,,
Johnson County,Olathe city,17917,37258,63352,92962,125872,141290
Johnson County,Olathe township,965,1564,1931,1187,865,894
Johnson County,Overland Park city,76623,81784,111790,149080,173372,197238
Johnson County,Oxford township,961,2491,1925,2020,1959,2027
Johnson County,Prairie Village city,28138,24657,23186,22072,21447,22957
Johnson County,Roeland Park city,9974,7962,7706,6817,6731,6871
Johnson County,Shawnee city,20482,29653,37993,47996,62209,67311
Johnson County,Shawnee township,1174,620,106,0,,
Johnson County,Spring Hill city,1186,1963,2084,2291,3100,4932
Johnson County,Spring Hill township,498,1586,1940,2059,2021,2004
Johnson County,Westwood city,2329,1783,1772,1533,1506,1750
Johnson County,Westwood Hills city,414,437,383,378,359,400
Kearny County,Deerfield township,639,713,954,1104,879,847
Kearny County,East Hibbard township,155,152,123,131,108,68
Kearny County,Hartland township,133,126,123,128,99,143
Kearny County,Kendall township,106,109,133,157,103,109
Kearny County,Lakin township,1781,2078,2392,2587,2451,2491
Kearny County,Southside township,137,190,233,359,264,261
Kearny County,West Hibbard township,96,67,69,65,73,64
Kingman County,Allen township,126,114,123,109,84,98
Kingman County,Belmont township,135,134,105,92,49,57
Kingman County,Bennett township,576,647,617,705,633,623
Kingman County,Canton township,172,111,88,118,109,84
Kingman County,Chikaskia township,171,168,169,140,127,100
Kingman County,Dale township,258,217,197,203,166,135
Kingman County,Dresden township,454,402,359,385,309,308
Kingman County,Eagle township,162,159,125,154,125,112
Kingman County,Eureka township,174,147,138,123,98,88
Kingman County,Evan township,264,425,441,516,542,476
Kingman County,Galesburg township,250,259,205,254,218,237
Kingman County,Hoosier township,168,185,170,162,149,152
Kingman County,Kingman city,3622,3563,3196,3387,3177,3105
Kingman County,Kingman township,241,184,164,124,115,99
Kingman County,Liberty township,211,220,220,178,132,124
Kingman County,Ninnescah township,224,258,256,313,273,284
Kingman County,Peters township,286,229,174,201,123,111
Kingman County,Richland township,113,139,94,100,107,79
Kingman County,Rochester township,274,248,200,210,168,137
Kingman County,Rural township,317,374,377,359,334,316
Kingman County,Union township,124,123,98,88,76,72
Kingman County,Valley township,145,130,127,102,100,87
Kingman County,Vinita township,222,208,190,249,253,223
Kingman County,White township,197,316,459,401,391,363
Kiowa County,Brenham Township,98,,,,,
Kiowa County,Butler Township,36,,,,,
Kiowa County,Center Township,2003,,,,,
Kiowa County,East Kiowa unorg.,,579,535,,,
Kiowa County,Garfield Township,73,,,,,
Kiowa County,Glick Township,73,,,,,
Kiowa County,Greensburg city,,1885,1792,,,
Kiowa County,Haviland city,,770,624,,,
Kiowa County,Highland Township,51,,,,,
Kiowa County,Kiowa Rural township,,,,3278,2553,2460
Kiowa County,Kiowa Township,42,,,,,
Kiowa County,Lincoln Township,39,,,,,
Kiowa County,Martin Township,462,,,,,
Kiowa County,Mullinville city,,339,289,,,
Kiowa County,Reeder Township,96,,,,,
Kiowa County,Union Township,29,,,,,
Kiowa County,Ursula Township,185,,,,,
Kiowa County,Valley Township,67,,,,,
Kiowa County,Wellsford Township,804,,,,,
Kiowa County,West Kiowa unorg.,,473,420,,,
Kiowa County,Westland Township,30,,,,,
Labette County,Canada township,320,281,253,217,194,205
Labette County,Chetopa city,1596,1751,1357,1281,1125,929
Labette County,Elm Grove township,825,947,817,798,823,682
Labette County,Fairview township,285,281,234,239,237,284
Labette County,Hackberry township,455,466,385,403,392,402
Labette County,Howard township,395,388,354,357,346,347
Labette County,Labette township,311,323,384,373,394,366
Labette County,Liberty township,387,485,409,395,453,471
Labette County,Montana township,212,240,233,179,164,150
Labette County,Mound Valley township,912,862,807,806,835,720
Labette County,Mount Pleasant township,1163,1342,1336,1351,1335,1268
Labette County,Neosho township,195,199,213,222,182,160
Labette County,North township,673,618,638,612,601,591
Labette County,Osage township,646,689,675,703,848,968
Labette County,Oswego city,2200,2218,1870,2046,1829,1668
Labette County,Oswego township,306,326,375,310,354,330
Labette County,Parsons city,13015,12898,11924,11514,10500,9600
Labette County,Richland township,437,372,393,303,287,332
Labette County,Walton township,1442,996,1036,726,708,711
Lane County,Alamota township,140,102,75,108,91,80
Lane County,Blaine township,129,138,124,,,
Lane County,Cheyenne township,359,333,352,336,314,269
Lane County,Cleveland township,52,45,39,,,
Lane County,Dighton township,1699,1577,1565,1573,1268,1144
Lane County,Spring Creek township,104,95,62,,,
Lane County,Sutton Township,19,,,,,
Lane County,White Rock township,59,46,50,26,18,22
Lane County,Wilson township,146,136,108,112,59,59
Leavenworth County,Alexandria township,626,629,655,859,882,871
Leavenworth County,Bonner Springs city,,,,,6,6
Leavenworth County,De Soto city,,,,,,0
Leavenworth County,Delaware township,6357,6031,1056,1361,1019,1061
Leavenworth County,Easton township,1020,1178,1290,1245,1131,1071
Leavenworth County,Fairmount township,1910,3121,3909,6266,8788,11215
Leavenworth County,High Prairie township,1002,1312,1470,1768,2002,2014
Leavenworth County,Kickapoo township,11538,1394,1511,1760,1770,1763
Leavenworth County,Lansing city,,,7120,9199,11265,11239
Leavenworth County,Leavenworth city,25147,33656,38495,35420,35251,37351
Leavenworth County,Reno township,724,764,944,1143,1398,1419
Leavenworth County,Sherman township,1208,1772,2036,2367,2635,2792
Leavenworth County,Stranger township,1011,1438,1828,2451,4363,5081
Leavenworth County,Tonganoxie township,2797,3514,4057,4852,5717,5998
Lincoln County,Battle Creek township,72,70,57,51,35,34
Lincoln County,Beaver township,470,505,437,454,425,356
Lincoln County,Cedron township,138,67,49,47,35,41
Lincoln County,Colorado township,345,290,275,340,289,234
Lincoln County,Elkhorn township,1213,1123,997,927,929,871
Lincoln County,Franklin township,119,105,99,80,98,70
Lincoln County,Golden Belt township,90,78,79,67,40,67
Lincoln County,Grant township,126,95,79,91,71,55
Lincoln County,Hanover township,62,50,37,43,41,57
Lincoln County,Highland township,76,59,50,65,61,60
Lincoln County,Indiana township,262,263,208,206,171,121
Lincoln County,Logan township,74,70,59,67,68,50
Lincoln County,Madison township,127,107,114,96,96,81
Lincoln County,Marion township,127,123,112,103,100,113
Lincoln County,Orange township,109,96,105,68,68,47
Lincoln County,Pleasant township,565,549,467,482,413,419
Lincoln County,Salt Creek township,123,99,76,61,63,47
Lincoln County,Scott township,249,205,169,158,104,102
Lincoln County,Valley township,88,67,74,69,44,43
Lincoln County,Vesper township,147,124,110,103,90,71
Linn County,Blue Mound township,628,584,484,500,483,432
Linn County,Centerville township,514,448,381,389,404,483
Linn County,Liberty township,780,813,830,908,968,921
Linn County,Lincoln township,1349,1491,1607,2251,2528,2525
Linn County,Mound City township,1023,1104,1194,1421,1281,1327
Linn County,Paris township,398,425,450,494,567,503
Linn County,Potosi township,1810,1940,1886,2080,1840,1876
Linn County,Scott township,362,464,549,641,733,796
Linn County,Sheridan township,492,552,535,560,527,450
Linn County,Stanton township,198,176,174,169,178,148
Linn County,Valley township,216,237,164,157,147,130
Logan County,Augustine township,52,28,32,26,22,15
Logan County,Elkader township,49,36,24,15,8,15
Logan County,Lees township,50,37,37,17,5,13
Logan County,Logansport township,11,12,5,14,7,6
Logan County,McAllaster township,47,40,31,29,25,25
Logan County,Monument township,233,184,159,144,141,127
Logan County,Oakley township,2649,2558,2285,2343,2185,2173
Logan County,Paxton township,43,33,43,24,28,33
Logan County,Russell Springs township,147,112,88,71,50,58
Logan County,Western township,58,58,49,44,43,43
Logan County,Winona township,475,380,328,319,242,254
Lyon County,Agnes City township,443,507,492,468,430,400
Lyon County,Americus township,918,1591,1491,1522,1503,1373
Lyon County,Center township,1137,1135,1156,1201,1198,1094
Lyon County,Elmendaro township,1027,1035,1006,949,788,741
Lyon County,Emporia city,23327,25287,25512,26760,24916,24139
Lyon County,Emporia township,1583,1244,1293,1167,907,911
Lyon County,Fremont township,677,988,905,842,903,800
Lyon County,Ivy township,264,275,253,304,261,270
Lyon County,Jackson township,862,1013,865,995,979,993
Lyon County,Pike township,972,1212,912,899,1034,784
Lyon County,Reading township,509,499,553,547,487,443
Lyon County,Waterloo township,352,322,294,281,284,231
McPherson County,Battle Hill township,119,120,106,91,104,108
McPherson County,Bonaville township,54,49,68,66,74,82
McPherson County,Canton township,1144,1187,1050,1090,989,976
McPherson County,Castle township,288,250,231,225,202,162
McPherson County,Delmore township,108,131,145,138,169,194
McPherson County,Empire township,864,1079,1151,1178,1345,1253
McPherson County,Groveland township,260,239,209,234,206,170
McPherson County,Gypsum Creek township,262,223,189,215,188,148
McPherson County,Harper township,156,167,147,137,138,132
McPherson County,Hayes township,285,287,270,287,277,301
McPherson County,Jackson township,259,290,173,198,180,174
McPherson County,King City township,365,404,448,544,477,506
McPherson County,Lindsborg city,2764,3155,3076,3321,3458,3776
McPherson County,Little Valley township,411,472,451,475,409,391
McPherson County,Lone Tree township,450,422,457,486,475,467
McPherson County,Marquette township,775,877,760,776,808,733
McPherson County,McPherson city,10851,11753,12422,13770,13155,14082
McPherson County,McPherson township,433,607,697,618,536,530
McPherson County,Meridian township,379,346,315,341,329,370
McPherson County,Mound township,1713,1888,1992,2104,2301,2326
McPherson County,New Gottland township,246,269,293,354,384,448
McPherson County,Smoky Hill township,265,297,244,297,311,316
McPherson County,South Sharps Creek township,116,124,100,112,111,116
McPherson County,Spring Valley township,411,437,390,373,335,316
McPherson County,Superior township,1299,1318,1412,1640,1740,1681
McPherson County,Turkey Creek township,307,288,273,294,285,275
McPherson County,Union township,194,176,199,190,194,190
Marion County,Blaine township,263,214,211,212,185,187
Marion County,Catlin township,227,230,194,180,187,175
Marion County,Centre township,285,421,494,535,479,469
Marion County,Clark township,247,217,177,149,147,144
Marion County,Clear Creek township,648,668,562,592,548,450
Marion County,Colfax township,313,273,237,218,291,172
Marion County,Doyle township,96,95,70,75,60,35
Marion County,Durham Park township,325,282,258,230,244,213
Marion County,East Branch township,196,202,198,188,178,199
Marion County,Fairplay township,241,162,122,121,107,93
Marion County,Florence city,716,729,636,671,465,394
Marion County,Gale township,196,243,239,220,219,239
Marion County,Grant township,169,159,136,128,131,135
Marion County,Hillsboro city,2730,2717,2704,2854,2993,2732
Marion County,Lehigh township,351,334,311,370,329,311
Marion County,Liberty township,356,297,305,327,320,345
Marion County,Logan township,178,147,117,127,104,114
Marion County,Lost Springs township,316,316,241,201,197,150
Marion County,Marion city,2052,1951,1906,2110,1927,1922
Marion County,Menno township,326,297,307,317,330,304
Marion County,Milton township,382,339,325,348,310,323
Marion County,Moore township,114,94,69,65,73,82
Marion County,Peabody township,1612,1671,1535,1544,1382,1117
Marion County,Risley township,294,233,227,241,207,225
Marion County,Summit township,133,104,90,82,80,72
Marion County,West Branch township,866,869,973,1024,966,1001
Marion County,Wilson township,303,258,244,232,201,220
Marshall County,Balderson township,202,154,120,106,82,91
Marshall County,Bigelow township,94,113,93,66,37,59
Marshall County,Blue Rapids City township,1257,1389,1233,1201,1116,1017
Marshall County,Blue Rapids township,145,113,93,78,59,89
Marshall County,Center township,191,164,174,151,128,130
Marshall County,Clear Fork township,96,52,49,54,45,42
Marshall County,Cleveland township,137,117,98,91,77,68
Marshall County,Cottage Hill township,187,166,138,143,132,131
Marshall County,Elm Creek township,219,229,204,178,180,150
Marshall County,Franklin township,303,332,362,337,316,273
Marshall County,Guittard township,499,505,458,454,373,372
Marshall County,Herkimer township,347,318,270,234,223,191
Marshall County,Lincoln township,239,181,140,130,121,145
Marshall County,Logan township,416,357,347,335,272,251
Marshall County,Marysville city,3588,3670,3359,3271,3294,3447
Marshall County,Marysville township,473,524,541,383,233,270
Marshall County,Murray township,755,737,669,640,614,600
Marshall County,Noble township,422,302,276,217,195,157
Marshall County,Oketo township,377,316,318,251,234,221
Marshall County,Richland township,342,247,226,206,154,159
Marshall County,Rock township,185,151,119,123,137,159
Marshall County,St. Bridget township,304,252,206,232,173,132
Marshall County,Vermillion township,1174,1218,1101,1012,879,904
Marshall County,Walnut township,206,183,177,144,118,101
Marshall County,Waterville township,787,842,801,797,805,782
Marshall County,Wells township,194,155,133,131,120,97
Meade County,Cimarron township,83,89,98,93,75,67
Meade County,Crooked Creek township,104,79,83,92,73,48
Meade County,Fowler township,843,794,737,749,746,651
Meade County,Logan township,161,149,100,100,87,102
Meade County,Meade Center township,2229,2058,1822,1968,2001,1737
Meade County,Mertilla township,209,236,211,221,198,196
Meade County,Odee township,99,79,44,50,37,51
Meade County,Sand Creek township,104,76,44,38,38,26
Meade County,West Plains township,1080,1228,1108,1320,1320,1177
Miami County,Louisburg city,,1744,1964,2576,4315,4969
Miami County,Marysville township,1223,1593,1862,2575,2366,2452
Miami County,Miami township,407,415,427,506,537,545
Miami County,Middle Creek township,769,1002,1224,1649,1808,1814
Miami County,Mound township,406,508,563,705,729,700
Miami County,Osage township,544,592,576,649,667,659
Miami County,Osawatomie city,4294,4459,4590,4645,4447,4255
Miami County,Osawatomie township,1246,697,734,794,728,694
Miami County,Paola city,4622,4557,4698,5011,5602,5768
Miami County,Paola township,514,738,910,1100,1091,1067
Miami County,Richland township,777,1036,1142,1758,2051,2025
Miami County,Spring Hill city,,42,107,436,2337,3020
Miami County,Stanton township,591,766,747,925,843,856
Miami County,Sugar Creek township,323,322,370,449,474,495
Miami County,Ten Mile township,649,798,989,1259,1441,1543
Miami County,Valley township,804,1262,1401,1478,1401,1306
Miami County,Wea township,2085,1087,1162,1836,1950,2023
Mitchell County,Asherville township,150,152,139,122,97,119
Mitchell County,Beloit city,4121,4367,4066,4019,3835,3404
Mitchell County,Beloit township,368,443,269,222,205,176
Mitchell County,Bloomfield township,112,117,95,83,76,81
Mitchell County,Blue Hill township,73,44,45,36,27,33
Mitchell County,Carr Creek township,40,33,36,31,17,23
Mitchell County,Cawker township,817,706,637,578,522,516
Mitchell County,Center township,79,62,42,49,39,36
Mitchell County,Custer township,232,208,181,132,110,104
Mitchell County,Eureka township,57,45,42,41,22,26
Mitchell County,Glen Elder township,540,599,548,553,514,432
Mitchell County,Hayes township,58,38,29,21,16,30
Mitchell County,Logan township,211,179,159,168,125,121
Mitchell County,Lulu township,126,121,86,90,87,80
Mitchell County,Pittsburg township,472,476,373,346,298,258
Mitchell County,Plum Creek township,127,142,109,119,105,108
Mitchell County,Round Springs township,31,47,43,27,24,24
Mitchell County,Salt Creek township,69,54,35,39,33,16
Mitchell County,Solomon Rapids township,95,84,86,80,65,60
Mitchell County,Turkey Creek township,160,139,135,134,122,118
Mitchell County,Walnut Creek township,72,61,48,42,34,31
Montgomery County,Caney city,2192,2284,2062,2092,2203,1788
Montgomery County,Caney township,1207,1289,1205,1244,1366,1134
Montgomery County,Cherokee township,581,580,620,541,489,415
Montgomery County,Cherry township,511,503,550,517,504,462
Montgomery County,Cherryvale city,2609,2769,2464,2386,2367,2192
Montgomery County,Coffeyville city,15116,15185,12917,11021,10295,8826
Montgomery County,Drum Creek township,425,522,488,537,510,494
Montgomery County,Fawn Creek township,1655,2088,2124,2036,2025,1857
Montgomery County,Independence city,10347,10598,9942,9846,9483,8548
Montgomery County,Independence township,1688,2426,2532,2342,2430,2241
Montgomery County,Liberty township,518,568,504,473,496,511
Montgomery County,Louisburg township,737,791,669,629,616,552
Montgomery County,Parker township,1136,1194,1333,1212,1190,1077
Montgomery County,Rutland township,293,282,357,302,282,299
Montgomery County,Sycamore township,733,994,835,835,908,805
Montgomery County,West Cherry township,201,208,214,239,307,285
Morris County,Burdick Township,253,,,,,
Morris County,Clarks Creek Township,161,,,,,
Morris County,Council Grove city,2403,2381,2228,2321,2182,2140
Morris County,Council Grove Township,316,,,,,
Morris County,Diamond Valley Township,61,,,,,
Morris County,Elm Creek Township,473,,,,,
Morris County,Four Mile Township,78,,,,,
Morris County,Garfield Township,154,,,,,
Morris County,Grandview Township,345,,,,,
Morris County,Herington city,,,0,0,0,0
Morris County,Highland township,143,133,114,94,98,74
Morris County,Neosho Township,119,,,,,
Morris County,Ohio Township,529,,,,,
Morris County,Overland township,98,111,69,60,71,85
Morris County,Parker Township,216,,,,,
Morris County,Rolling Prairie Township,640,,,,,
Morris County,Township 1,,589,581,551,509,476
Morris County,Township 2,,627,781,688,720,627
Morris County,Township 3,,510,569,503,446,382
Morris County,Township 4,,234,232,252,236,204
Morris County,Township 5,,707,684,686,784,581
Morris County,Township 6,,141,116,111,102,114
Morris County,Township 7,,327,260,258,262,223
Morris County,Township 8,,300,230,212,206,180
Morris County,Township 9,,359,334,368,307,300
Morris County,Valley Township,252,,,,,
Morris County,Warren Township,191,,,,,
Morton County,Cimarron township,81,73,74,67,60,54
Morton County,Jones township,24,16,11,17,14,11
Morton County,Richfield township,332,316,269,218,182,139
Morton County,Rolla township,561,561,575,650,590,480
Morton County,Taloga township,2442,2378,2443,2437,2327,1978
Morton County,Westola township,136,110,108,107,60,39
Nemaha County,Adams township,287,242,205,213,194,171
Nemaha County,Berwick township,358,346,383,391,408,414
Nemaha County,Capioma township,249,202,160,161,147,154
Nemaha County,Center township,289,274,211,200,164,178
Nemaha County,Clear Creek township,217,170,144,123,115,127
Nemaha County,Gilman township,334,318,247,223,238,191
Nemaha County,Granada township,167,127,106,122,105,84
Nemaha County,Harrison township,503,424,379,399,307,306
Nemaha County,Home township,710,603,571,567,543,511
Nemaha County,Illinois township,478,465,424,453,450,532
Nemaha County,Marion township,506,475,469,457,392,420
Nemaha County,Mitchell township,317,345,368,305,261,308
Nemaha County,Nemaha township,223,196,193,184,155,108
Nemaha County,Neuchatel township,143,165,129,117,105,90
Nemaha County,Red Vermillion township,207,174,135,137,110,123
Nemaha County,Reilly township,224,202,158,153,106,107
Nemaha County,Richmond township,652,460,543,538,519,512
Nemaha County,Rock Creek township,311,271,362,302,416,429
Nemaha County,Sabetha city,2376,2282,2335,2582,2564,2534
Nemaha County,Seneca city,2182,2389,2027,2122,1991,2139
Nemaha County,Washington township,498,539,457,465,380,380
Nemaha County,Wetmore township,594,542,440,503,508,455
Neosho County,Big Creek township,482,558,455,456,479,496
Neosho County,Canville township,533,527,491,571,550,551
Neosho County,Centerville township,493,526,561,564,476,483
Neosho County,Chanute city,10341,10506,9488,9411,9119,8722
Neosho County,Chetopa township,804,934,805,894,861,845
Neosho County,Erie township,1767,1821,1615,1524,1431,1232
Neosho County,Grant township,489,471,372,384,350,352
Neosho County,Ladore township,399,395,384,401,371,367
Neosho County,Lincoln township,370,381,393,345,310,254
Neosho County,Mission township,1090,989,936,927,934,901
Neosho County,Shiloh township,312,286,299,297,447,537
Neosho County,Tioga township,1279,1194,873,885,885,837
Neosho County,Walnut Grove township,453,379,363,338,299,327
Ness County,Bazine township,636,611,546,441,454,394
Ness County,Center township,1812,1830,1775,1567,1468,1340
Ness County,Eden township,139,124,91,70,71,77
Ness County,Forrester township,124,108,129,109,103,93
Ness County,Franklin township,241,203,159,132,112,100
Ness County,Highpoint township,176,145,120,93,64,52
Ness County,Johnson township,155,96,73,76,68,54
Ness County,Nevada township,657,656,581,479,415,343
Ness County,Ohio township,554,474,403,345,252,165
Ness County,Waring township,297,251,156,142,100,69
Norton County,Aldine Township,86,,,,,
Norton County,Almelo Township,182,,,,,
Norton County,Almena Township,696,,,,,
Norton County,Almena-District 4 township,,762,574,614,566,508
Norton County,Belle Plain Township,65,,,,,
Norton County,Center Township,378,,,,,
Norton County,Center-District 1 township,,1196,1323,1382,1393,1521
Norton County,Clayton Township,63,,,,,
Norton County,Crystal Township,69,,,,,
Norton County,Emmett Township,401,,,,,
Norton County,Garfield Township,84,,,,,
Norton County,Grant Township,103,,,,,
Norton County,Harrison Township,44,,,,,
Norton County,Harrison-District 6 township,,33,20,12,,
Norton County,Highland Township,31,,,,,
Norton County,Highland-District 2 township,,1016,822,737,604,546
Norton County,Lenora Township,530,,,,,
Norton County,Leota Township,75,,,,,
Norton County,Lincoln Township,54,,,,,
Norton County,Modell Township,72,,,,,
Norton County,Noble Township,173,,,,,
Norton County,Norton city,3627,3400,3017,3012,2928,2747
Norton County,Orange Township,65,,,,,
Norton County,Rock Branch Township,55,,,,,
Norton County,Rockwell Township,59,,,,,
Norton County,Sand Creek Township,74,,,,,
Norton County,Solomon Township,170,,,,,
Norton County,Solomon-District 3 township,,282,191,196,180,137
Norton County,West Union Township,123,,,,,
Osage County,Agency township,590,565,500,618,558,425
Osage County,Arvonia township,181,116,141,136,95,122
Osage County,Barclay township,214,203,181,239,195,148
Osage County,Burlingame township,1613,1935,1760,1768,1680,1704
Osage County,Dragoon township,273,277,234,214,202,199
Osage County,Elk township,1157,1637,1630,1723,1886,1843
Osage County,Fairfax township,252,302,435,513,589,610
Osage County,Grant township,297,342,311,297,266,286
Osage County,Junction township,459,736,849,1210,1197,1207
Osage County,Lincoln township,145,138,121,134,139,145
Osage County,Melvern township,797,842,735,812,762,729
Osage County,Olivet township,240,238,253,263,232,241
Osage County,Osage City city,2600,2667,2689,3034,2943,2861
Osage County,Ridgeway township,1776,2353,2502,2661,2505,2376
Osage County,Scranton township,952,1076,1158,1273,1213,1133
Osage County,Superior township,334,356,305,293,305,245
Osage County,Valley Brook township,1472,1536,1444,1524,1528,1492
Osborne County,Bethany township,288,295,221,199,176,162
Osborne County,Bloom township,195,148,91,81,73,80
Osborne County,Corinth township,91,66,55,51,52,40
Osborne County,Covert township,35,29,25,19,8,15
Osborne County,Delhi township,84,59,43,37,31,30
Osborne County,Grant township,76,54,33,28,30,13
Osborne County,Hancock township,65,36,26,21,18,16
Osborne County,Hawkeye township,52,35,34,36,33,27
Osborne County,Independence township,81,63,41,32,31,24
Osborne County,Jackson township,82,58,52,42,35,30
Osborne County,Kill Creek township,71,48,54,35,17,8
Osborne County,Lawrence township,79,56,34,37,30,30
Osborne County,Liberty township,25,27,27,31,23,15
Osborne County,Mount Ayr township,82,74,66,41,37,15
Osborne County,Natoma township,658,570,449,402,367,316
Osborne County,Osborne city,1980,2120,1778,1607,1431,1335
Osborne County,Penn township,205,176,139,129,120,145
Osborne County,Ross township,1422,1456,1230,1166,994,874
Osborne County,Round Mound township,106,78,57,59,28,31
Osborne County,Sumner township,380,275,231,206,175,172
Osborne County,Tilden township,197,134,96,116,79,72
Osborne County,Valley township,56,29,30,37,38,18
Osborne County,Victor township,51,42,35,24,11,15
Osborne County,Winfield township,55,31,20,16,21,17
Ottawa County,Bennington township,843,781,844,1116,1303,1219
Ottawa County,Blaine township,93,111,120,111,115,95
Ottawa County,Buckeye township,119,96,84,101,112,98
Ottawa County,Center township,90,84,75,72,82,85
Ottawa County,Chapman township,110,76,72,67,68,69
Ottawa County,Concord township,143,177,163,209,237,247
Ottawa County,Culver township,278,297,291,318,248,239
Ottawa County,Durham township,34,34,36,25,21,16
Ottawa County,Fountain township,244,199,179,190,157,160
Ottawa County,Garfield township,122,84,95,95,95,79
Ottawa County,Grant township,106,94,68,93,78,75
Ottawa County,Henry township,46,51,31,22,27,36
Ottawa County,Lincoln township,164,161,136,143,154,155
Ottawa County,Logan township,146,124,89,82,77,74
Ottawa County,Minneapolis city,1971,2075,1983,2046,2032,1946
Ottawa County,Morton township,552,483,454,498,463,404
Ottawa County,Ottawa township,59,46,46,49,46,36
Ottawa County,Richland township,167,174,158,218,227,207
Ottawa County,Sheridan township,728,699,591,589,464,402
Ottawa County,Sherman township,105,81,71,67,55,43
Ottawa County,Stanton township,63,44,48,52,30,50
Pawnee County,Ash Valley township,79,66,60,49,47,74
Pawnee County,Browns Grove township,366,336,298,310,298,267
Pawnee County,Conkling township,69,33,31,26,30,17
Pawnee County,Garfield township,338,326,287,259,234,184
Pawnee County,Grant township,320,293,238,234,195,142
Pawnee County,Keysville township,78,71,55,55,32,42
Pawnee County,Larned city,4567,4811,4490,4236,4054,3769
Pawnee County,Larned township,390,333,248,266,255,267
Pawnee County,Lincoln township,57,54,37,28,24,15
Pawnee County,Logan township,95,60,59,48,49,45
Pawnee County,Morton township,124,89,61,56,55,31
Pawnee County,Orange township,87,85,81,73,43,72
Pawnee County,Pawnee township,134,101,154,82,441,649
Pawnee County,Pleasant Grove township,226,243,256,230,172,162
Pawnee County,Pleasant Ridge township,106,83,76,56,45,43
Pawnee County,Pleasant Valley township,187,134,144,128,85,80
Pawnee County,River township,91,111,102,87,66,57
Pawnee County,Santa Fe township,876,579,632,788,675,184
Pawnee County,Sawmill township,54,36,29,24,19,20
Pawnee County,Shiley township,46,33,42,28,20,39
Pawnee County,Valley Center township,69,91,64,57,46,20
Pawnee County,Walnut township,125,97,111,113,88,74
Phillips County,Arcade township,121,106,100,96,97,88
Phillips County,Beaver township,103,94,69,54,55,53
Phillips County,Belmont township,164,114,141,113,90,78
Phillips County,Bow Creek township,57,39,40,44,43,18
Phillips County,Crystal township,85,82,53,59,50,42
Phillips County,Dayton township,89,64,52,53,33,48
Phillips County,Deer Creek township,99,105,91,67,66,68
Phillips County,Freedom township,118,109,98,85,90,77
Phillips County,Glenwood township,78,52,52,42,44,54
Phillips County,Granite township,99,68,28,21,31,28
Phillips County,Greenwood township,83,63,56,45,42,38
Phillips County,Kirwin township,375,329,348,307,234,179
Phillips County,Logan township,875,802,705,666,637,513
Phillips County,Long Island township,343,318,271,251,226,211
Phillips County,Mound township,255,192,178,129,144,96
Phillips County,Phillipsburg city,3241,3229,2828,2668,2581,2337
Phillips County,Phillipsburg township,343,433,407,257,259,242
Phillips County,Plainview township,45,21,25,23,15,28
Phillips County,Plum township,438,462,428,447,379,331
Phillips County,Prairie View township,322,264,226,220,200,165
Phillips County,Rushville township,62,36,16,23,15,30
Phillips County,Solomon township,307,258,240,226,201,148
Phillips County,Sumner township,76,55,55,43,48,35
Phillips County,Towanda township,35,23,30,26,22,28
Phillips County,Valley township,39,55,38,22,23,24
Phillips County,Walnut township,36,33,15,14,17,22
Pottawatomie County,Belvue township,339,353,330,404,368,392
Pottawatomie County,Blue township,263,1402,1620,1802,3046,4926
Pottawatomie County,Blue Valley township,293,293,336,339,343,380
Pottawatomie County,Center township,120,126,102,104,105,138
Pottawatomie County,Clear Creek township,157,152,134,113,140,150
Pottawatomie County,Emmett township,273,377,343,478,427,450
Pottawatomie County,Grant township,309,365,285,293,268,235
Pottawatomie County,Green township,120,153,160,188,184,213
Pottawatomie County,Lincoln township,134,122,124,124,119,95
Pottawatomie County,Lone Tree township,262,231,262,239,216,227
Pottawatomie County,Louisville township,488,591,666,735,803,1005
Pottawatomie County,Manhattan city,678,162,143,3,146,0
Pottawatomie County,Mill Creek township,1022,1000,1043,1000,1011,957
Pottawatomie County,Pottawatomie township,411,399,356,499,601,688
Pottawatomie County,Rock Creek township,616,701,657,653,740,691
Pottawatomie County,Shannon township,176,196,200,235,270,256
Pottawatomie County,Sherman township,132,156,128,126,118,126
Pottawatomie County,Spring Creek township,57,72,66,61,38,55
Pottawatomie County,St. Clere township,68,82,69,83,72,49
Pottawatomie County,St. George township,1001,1697,2044,2629,3415,4494
Pottawatomie County,St. Marys township,1730,1989,2309,2789,3630,3832
Pottawatomie County,Union township,154,161,179,164,224,239
Pottawatomie County,Vienna township,122,120,121,92,86,80
Pottawatomie County,Wamego township,2830,3882,4451,5056,5234,5670
Pratt County,Banner Township,135,,,,,
Pratt County,Carmi Township,122,,,,,
Pratt County,Center Township,289,,,,,
Pratt County,Elm Township,142,,,,,
Pratt County,Gove Township,119,,,,,
Pratt County,Grant Township,198,,,,,
Pratt County,Haynesville Township,358,,,,,
Pratt County,Iuka Township,475,,,,,
Pratt County,Lincoln Township,155,,,,,
Pratt County,Logan Township,141,,,,,
Pratt County,Mc Clellan Township,31,,,,,
Pratt County,Mc Pherson Township,129,,,,,
Pratt County,Naron Township,91,,,,,
Pratt County,Ninnescah Township,87,,,,,
Pratt County,Paxon Township,266,,,,,
Pratt County,Pratt city,6736,6885,6687,6570,6835,6603
Pratt County,Richland Township,182,,,,,
Pratt County,Saratoga Township,232,,,,,
Pratt County,Springvale Township,36,,,,,
Pratt County,Township 10,,222,190,191,153,132
Pratt County,Township 11,,570,569,496,460,403
Pratt County,Township 12,,746,713,961,917,886
Pratt County,Township 6,,720,572,565,530,490
Pratt County,Township 7,,461,387,366,314,267
Pratt County,Township 8,,246,208,181,133,108
Pratt County,Township 9,,425,376,317,314,268
Pratt County,Valley Township,132,,,,,
Rawlins County,Achilles township,105,94,88,83,46,41
Rawlins County,Arbor Township,47,,,,,
Rawlins County,Atwood township,1765,1695,1443,1330,1230,1326
Rawlins County,Beaver Township,73,,,,,
Rawlins County,Burntwood Township,208,,,,,
Rawlins County,Celia Township,475,,,,,
Rawlins County,Center township,,461,390,363,268,308
Rawlins County,Clinton Township,133,,,,,
Rawlins County,Driftwood township,159,143,133,84,74,85
Rawlins County,Elk Township,88,,,,,
Rawlins County,Grant Township,39,,,,,
Rawlins County,Herl township,,637,506,386,310,284
Rawlins County,Herndon Township,419,,,,,
Rawlins County,Jefferson township,79,64,24,34,37,33
Rawlins County,Laing Township,85,,,,,
Rawlins County,Logan Township,114,,,,,
Rawlins County,Ludell township,208,187,155,136,81,91
Rawlins County,Mikesell Township,46,,,,,
Rawlins County,Mirage township,83,70,47,43,50,55
Rawlins County,Richland Township,90,,,,,
Rawlins County,Rocewood township,,680,551,448,384,311
Rawlins County,Rotate Township,96,,,,,
Rawlins County,Union township,81,74,67,59,39,27
Reno County,Albion township,865,920,823,837,841,821
Reno County,Arlington township,652,798,594,621,642,558
Reno County,Bell township,126,105,89,87,75,67
Reno County,Castleton township,212,242,234,256,285,323
Reno County,Center township,628,627,581,672,668,587
Reno County,Clay township,3720,3238,2894,3302,2057,1986
Reno County,Enterprise township,184,146,160,139,128,130
Reno County,Grant township,789,1263,1147,1307,1348,1307
Reno County,Grove township,81,93,58,64,47,58
Reno County,Haven township,1633,1539,1648,1592,1649,1551
Reno County,Hayes township,113,154,85,106,79,89
Reno County,Huntsville township,207,176,139,118,115,111
Reno County,Hutchinson city,36885,40284,39308,40787,42080,40006
Reno County,Langdon township,240,246,171,160,117,103
Reno County,Lincoln township,472,595,644,703,680,618
Reno County,Little River township,1483,1824,1854,1881,1822,1842
Reno County,Loda township,138,128,116,119,104,110
Reno County,Medford township,179,185,162,144,154,164
Reno County,Medora township,821,1437,1515,1594,1665,1656
Reno County,Miami township,571,575,500,521,462,385
Reno County,Nickerson city,1187,1292,1137,1194,1070,1058
Reno County,Ninnescah township,112,199,200,226,226,247
Reno County,North Hayes Township,26,,,,,
Reno County,Plevna township,296,308,270,235,246,190
Reno County,Reno township,5905,5006,4522,4496,4362,4331
Reno County,Roscoe township,114,128,116,108,105,132
Reno County,Salt Creek township,446,453,447,483,451,455
Reno County,Sumner township,368,397,469,547,654,644
Reno County,Sylvia township,538,481,396,393,311,291
Reno County,Troy township,137,140,104,112,124,148
Reno County,Valley township,553,878,866,887,847,835
Reno County,Walnut township,195,138,115,114,103,103
Reno County,Westminster township,270,246,267,243,196,177
Reno County,Yoder township,619,742,758,742,798,815
Republic County,Albion township,283,256,205,174,142,130
Republic County,Beaver township,172,149,127,137,94,95
Republic County,Belleville city,3063,2805,2517,2239,1991,2007
Republic County,Belleville township,260,254,263,231,236,188
Republic County,Big Bend township,397,371,278,242,177,125
Republic County,Courtland township,616,573,487,450,395,388
Republic County,Elk Creek township,278,234,198,175,136,111
Republic County,Fairview township,221,193,176,155,134,113
Republic County,Farmington township,179,147,108,81,61,58
Republic County,Freedom township,232,250,189,186,167,136
Republic County,Grant township,155,127,110,77,71,51
Republic County,Jefferson township,175,186,139,107,106,83
Republic County,Liberty township,140,98,84,52,45,39
Republic County,Lincoln township,155,147,125,103,98,106
Republic County,Norway township,271,209,160,163,143,117
Republic County,Richland township,508,416,342,318,231,218
Republic County,Rose Creek township,188,197,179,170,108,118
Republic County,Scandia township,726,612,537,541,468,426
Republic County,Union township,102,80,84,51,33,41
Republic County,Washington township,185,130,95,95,75,74
Republic County,White Rock township,192,135,79,88,69,50
Rice County,Atlanta township,258,258,181,233,134,125
Rice County,Bell township,39,43,27,18,10,10
Rice County,Center township,175,148,126,136,131,107
Rice County,East Washington township,79,107,139,179,152,138
Rice County,Eureka township,147,93,81,65,52,31
Rice County,Farmer township,586,544,480,441,389,312
Rice County,Galt township,113,74,73,51,71,81
Rice County,Harrison township,232,214,230,192,171,142
Rice County,Lincoln township,956,881,669,577,563,450
Rice County,Lyons city,4355,4152,3688,3732,3739,3611
Rice County,Mitchell township,163,170,127,131,125,118
Rice County,Odessa township,89,76,64,55,59,59
Rice County,Pioneer township,137,107,103,101,72,84
Rice County,Raymond township,259,237,227,185,153,169
Rice County,Rockville township,154,144,141,134,144,112
Rice County,Sterling city,2312,2312,2115,2642,2328,2248
Rice County,Sterling township,284,351,370,223,221,201
Rice County,Union township,674,774,704,741,738,661
Rice County,Valley township,363,311,278,276,249,208
Rice County,Victoria township,587,614,488,364,345,333
Rice County,West Washington township,188,153,142,138,125,118
Rice County,Wilson township,170,137,157,147,112,109
Riley County,Ashland township,136,171,166,150,139,147
Riley County,Bala township,793,762,751,762,735,740
Riley County,Center township,141,102,88,81,75,81
Riley County,Fancy Creek township,153,126,132,126,116,76
Riley County,Fort Riley township,,15192,,,,
Riley County,Grant township,338,675,801,833,973,870
Riley County,Jackson township,207,256,248,326,330,273
Riley County,Madison township,916,991,14444,8173,9606,9432
Riley County,Manhattan city,26897,32482,37569,44828,52135,54100
Riley County,Manhattan township,8715,8924,9191,3275,2444,2190
Riley County,May Day township,146,125,95,78,83,86
Riley County,Ogden township,17168,2178,2057,2423,2519,2029
Riley County,Sherman township,234,390,391,524,579,585
Riley County,Swede Creek township,199,176,177,157,155,204
Riley County,Wildcat township,397,647,677,750,885,786
Riley County,Zeandale township,348,308,352,357,341,360
Rooks County,Alcona Township,65,,,,,
Rooks County,Ash Rock Township,87,,,,,
Rooks County,Belmont Township,66,,,,,
Rooks County,Bow Creek Township,40,,,,,
Rooks County,Corning Township,51,,,,,
Rooks County,Fairview Township,76,,,,,
Rooks County,Farmington Township,63,,,,,
Rooks County,Greenfield Township,62,,,,,
Rooks County,Hobart Township,44,,,,,
Rooks County,Iowa Township,321,,,,,
Rooks County,Lanark Township,66,,,,,
Rooks County,Logan Township,267,,,,,
Rooks County,Lowell Township,312,,,,,
Rooks County,Medicine Township,64,,,,,
Rooks County,Northampton Township,512,,,,,
Rooks County,Paradise Township,235,,,,,
Rooks County,Plainville Township,2968,,,,,
Rooks County,Richland Township,317,,,,,
Rooks County,Rush Township,70,,,,,
Rooks County,Stockton Township,1725,,,,,
Rooks County,Sugar Loaf Township,67,,,,,
Rooks County,Township 1,,371,317,280,242,196
Rooks County,Township 10,,335,263,197,176,173
Rooks County,Township 11,,2855,2499,2380,2277,2063
Rooks County,Township 12,,228,160,183,154,142
Rooks County,Township 2,,470,500,382,379,360
Rooks County,Township 3,,1711,1432,1489,1212,1360
Rooks County,Township 4,,43,46,27,33,11
Rooks County,Township 5,,138,104,74,59,64
Rooks County,Township 6,,86,65,60,75,86
Rooks County,Township 7,,269,214,218,185,154
Rooks County,Township 8,,424,384,344,341,265
Rooks County,Township 9,,76,55,51,48,45
Rooks County,Twin Mound Township,85,,,,,
Rooks County,Walton Township,65,,,,,
Rush County,Alexander Township,72,,,,,
Rush County,Alexander-Belle Prairie township,,210,150,139,116,76
Rush County,Banner township,321,242,185,191,157,109
Rush County,Belle Prairie Township,208,,,,,
Rush County,Big Timber township,283,234,168,164,152,138
Rush County,Brookdale Township,53,,,,,
Rush County,Center township,387,336,275,256,246,204
Rush County,Fairview Township,60,,,,,
Rush County,Garfield township,200,170,177,132,103,112
Rush County,Hampton Township,420,,,,,
Rush County,Hampton-Fairview township,,424,317,304,268,248
Rush County,Illinois township,125,63,63,47,55,52
Rush County,La Crosse Township,1774,,,,,
Rush County,La Crosse-Brookdale township,,1759,1545,1475,1448,1341
Rush County,Lone Star township,414,370,347,319,321,237
Rush County,Pioneer township,550,535,485,426,367,362
Rush County,Pleasantdale township,96,63,49,33,31,25
Rush County,Union township,154,110,81,65,43,52
Russell County,Big Creek township,572,508,528,515,479,549
Russell County,Center township,506,350,359,255,221,220
Russell County,Fairfield township,75,55,63,42,31,26
Russell County,Fairview township,689,660,576,526,466,416
Russell County,Grant township,234,211,180,159,186,177
Russell County,Lincoln township,205,146,136,147,150,109
Russell County,Luray township,428,373,339,270,258,224
Russell County,Paradise township,353,271,219,169,166,138
Russell County,Plymouth township,430,373,316,319,280,214
Russell County,Russell city,5371,5427,4781,4696,4506,4401
Russell County,Russell township,204,217,117,89,82,81
Russell County,Waldo township,232,177,128,108,78,83
Russell County,Winterset township,129,100,93,75,67,53
Saline County,Cambria township,380,463,390,450,433,420
Saline County,Dayton township,124,138,154,134,115,129
Saline County,Elm Creek township,472,675,654,828,898,816
Saline County,Eureka township,645,607,587,664,632,659
Saline County,Falun township,238,223,226,260,285,267
Saline County,Glendale township,83,83,100,104,110,108
Saline County,Greeley township,516,660,848,809,833,753
Saline County,Gypsum township,188,280,155,193,181,174
Saline County,Liberty township,129,178,132,183,175,163
Saline County,Ohio township,375,402,453,463,445,434
Saline County,Pleasant Valley township,114,273,291,422,404,364
Saline County,Salina city,37714,41843,42303,45679,47707,46889
Saline County,Smoky Hill township,2257,362,408,324,273,239
Saline County,Smoky View township,668,899,761,954,911,848
Saline County,Smolan township,1769,675,707,749,775,647
Saline County,Solomon township,212,241,259,311,309,321
Saline County,Spring Creek township,324,359,323,395,410,447
Saline County,Walnut township,308,472,455,553,538,481
Saline County,Washington township,76,72,95,122,172,144
Scott County,Beaver township,281,377,327,302,287,260
Scott County,Isbel township,159,187,136,110,97,88
Scott County,Keystone township,126,143,136,106,98,84
Scott County,Lake township,170,124,117,95,75,71
Scott County,Michigan township,153,161,117,88,89,80
Scott County,Scott City city,,,,3855,3816,4113
Scott County,Scott township,4312,4432,4106,309,230,230
Scott County,Valley township,405,358,350,255,244,225
Sedgwick County,Afton township,488,757,846,1290,1531,1563
Sedgwick County,Attica township,2621,5019,4629,4959,6725,7401
Sedgwick County,Bel Aire city,,,3695,5836,6769,8262
Sedgwick County,Delano township,2366,2148,378,196,11,11
Sedgwick County,Eagle township,619,738,895,1069,1205,1161
Sedgwick County,Erie township,79,119,115,106,100,99
Sedgwick County,Garden Plain township,1189,1449,1406,1780,1838,1998
Sedgwick County,Grand River township,354,479,550,607,603,682
Sedgwick County,Grant township,2071,2538,3221,3710,4973,5465
Sedgwick County,Greeley township,961,1115,1060,1094,1035,1049
Sedgwick County,Gypsum township,5196,5432,5581,5822,7379,9959
Sedgwick County,Illinois township,753,1297,1553,1620,1860,1999
Sedgwick County,Kechi township,10556,11584,10460,8041,9027,9776
Sedgwick County,Lincoln township,364,411,427,473,523,519
Sedgwick County,Minneha township,3669,4629,6566,5084,3417,3365
Sedgwick County,Morton township,1443,1668,1832,2380,2667,2812
Sedgwick County,Ninnescah township,1867,2151,2453,2913,3231,3376
Sedgwick County,Ohio township,507,752,892,1146,1980,2159
Sedgwick County,Park township,2872,3585,3954,4128,4615,6841
Sedgwick County,Payne township,541,874,724,1119,937,1296
Sedgwick County,Riverside township,10539,11725,14364,15694,13615,13175
Sedgwick County,Rockford township,11285,13919,17189,20019,22784,23462
Sedgwick County,Salem township,7380,7697,7827,8411,9486,9368
Sedgwick County,Sherman township,1025,1089,1251,1362,1716,1991
Sedgwick County,Union township,1591,1629,1945,2156,2410,2595
Sedgwick County,Valley Center township,1858,2442,2985,3642,4356,4751
Sedgwick County,Viola township,419,439,484,547,479,497
Sedgwick County,Waco township,1430,1574,2369,3381,725,660
Sedgwick County,Wichita city,276554,279272,304011,344284,382368,397532
Sedgwick County,Wichita Township,97,,,,,
Seward County,Fargo township,652,961,1195,1684,1563,1205
Seward County,Liberal city,13471,14911,16573,19666,20525,19825
Seward County,Liberal township,1307,803,616,803,548,699
Seward County,Morris Township,113,,,,,
Seward County,Seward township,201,396,359,357,316,235
Shawnee County,Auburn township,1066,1885,2157,2787,3147,3312
Shawnee County,Dover township,976,1124,1220,1734,1524,1677
Shawnee County,Grove township,190,214,272,473,696,734
Shawnee County,Menoken township,912,987,1203,1371,1535,1638
Shawnee County,Mission township,2473,5082,7370,9070,9365,10055
Shawnee County,Monmouth township,1113,1645,1912,2786,3021,3185
Shawnee County,Rossville township,1376,1596,1581,1681,1907,1882
Shawnee County,Silver Lake township,1140,1828,1882,1949,2024,1942
Shawnee County,Soldier township,7225,11017,11491,12867,14732,15109
Shawnee County,Tecumseh township,3829,6314,7185,7822,7593,7753
Shawnee County,Topeka city,125011,115266,119883,122377,127473,126587
Shawnee County,Topeka township,2199,6034,991,931,917,791
Shawnee County,Williamsport township,7812,1924,3829,4023,4000,4244
Sheridan County,Adell township,135,46,23,13,12,7
Sheridan County,Bloomfield township,52,56,59,45,34,36
Sheridan County,Bowcreek township,92,71,60,54,40,43
Sheridan County,East Saline township,135,106,73,66,45,48
Sheridan County,Kenneth township,1537,1640,1533,1430,1350,1382
Sheridan County,Logan township,197,213,144,115,97,130
Sheridan County,Parnell township,136,124,120,104,102,91
Sheridan County,Prairie Dog township,117,81,73,71,76,33
Sheridan County,Sheridan township,406,386,328,269,297,285
Sheridan County,Solomon township,392,299,240,248,179,135
Sheridan County,Springbrook township,207,156,106,108,110,59
Sheridan County,Union township,107,66,43,60,42,33
Sheridan County,Valley township,177,162,122,139,109,102
Sheridan County,West Saline township,169,138,119,91,63,63
Sherman County,Goodland city,5510,5708,4983,4948,4489,4465
Sherman County,Grant township,186,135,123,115,80,74
Sherman County,Iowa township,58,47,46,44,31,27
Sherman County,Itasca township,266,327,333,321,294,275
Sherman County,Lincoln township,157,169,101,95,92,91
Sherman County,Llanos township,97,71,47,43,51,33
Sherman County,Logan township,149,220,236,246,222,202
Sherman County,McPherson township,113,81,53,52,41,44
Sherman County,Shermanville township,86,41,35,51,27,20
Sherman County,Smoky township,119,113,96,87,77,55
Sherman County,Stateline township,451,332,417,344,253,240
Sherman County,Union township,67,69,53,56,47,64
Sherman County,Voltaire township,378,287,290,252,222,265
Sherman County,Washington township,155,159,113,106,84,72
Smith County,Banner township,73,52,60,54,53,48
Smith County,Beaver township,108,91,83,60,48,51
Smith County,Blaine township,100,90,75,60,48,37
Smith County,Cedar township,801,774,665,619,566,484
Smith County,Center township,2549,2413,2233,2094,1827,1771
Smith County,Cora township,111,86,63,38,26,21
Smith County,Crystal Plains township,72,64,45,40,27,20
Smith County,Dor township,78,67,62,46,30,49
Smith County,Garfield township,63,46,35,33,23,31
Smith County,German township,65,40,41,34,30,19
Smith County,Harlan township,183,145,91,100,83,70
Smith County,Harvey township,191,167,119,130,90,93
Smith County,Houston township,328,297,231,206,166,139
Smith County,Lane township,219,187,164,134,117,86
Smith County,Lincoln township,165,126,90,73,71,73
Smith County,Logan township,109,89,55,47,37,35
Smith County,Martin township,72,51,44,24,18,22
Smith County,Oak township,700,565,466,399,285,233
Smith County,Pawnee township,112,82,56,35,24,36
Smith County,Pleasant township,130,83,66,34,37,33
Smith County,Swan township,75,72,57,42,48,28
Smith County,Valley township,132,106,89,75,56,46
Smith County,Washington township,103,93,75,63,57,61
Smith County,Webster township,118,79,53,47,43,47
Smith County,White Rock township,100,82,60,49,43,37
Stafford County,Albano township,81,76,61,56,53,28
Stafford County,Byron township,115,106,88,80,66,63
Stafford County,Clear Creek township,62,60,47,36,32,21
Stafford County,Cleveland township,124,91,102,68,51,65
Stafford County,Douglas township,179,165,156,138,112,118
Stafford County,East Cooper township,94,77,84,90,49,55
Stafford County,Fairview township,154,122,117,98,92,65
Stafford County,Farmington township,563,614,569,591,604,521
Stafford County,Hayes township,306,275,251,212,196,167
Stafford County,Lincoln township,169,146,164,113,124,88
Stafford County,North Seward township,211,224,249,186,183,129
Stafford County,Ohio township,498,453,441,409,380,377
Stafford County,Putnam township,33,39,42,19,24,13
Stafford County,Richland township,77,80,77,70,40,63
Stafford County,Rose Valley township,96,93,81,74,54,46
Stafford County,South Seward township,147,85,87,55,46,41
Stafford County,St. John township,1185,1221,1093,1037,1036,975
Stafford County,Stafford township,1587,1574,1461,1291,1159,1086
Stafford County,Union township,60,58,38,41,26,39
Stafford County,West Cooper township,106,74,85,64,61,57
Stafford County,York township,96,61,72,61,49,55
Stanton County,Big Bow township,536,442,415,338,248,213
Stanton County,Manter township,479,426,354,312,276,252
Stanton County,Stanton township,1272,1471,1564,1756,1711,1619
Stevens County,Banner township,181,199,204,164,192,201
Stevens County,Center township,3118,3521,3735,4131,4396,4148
Stevens County,Harmony township,146,178,146,143,116,84
Stevens County,Moscow township,482,556,658,711,687,546
Stevens County,Voorhees township,148,128,148,145,191,111
Stevens County,West Center township,123,154,157,169,142,160
Sumner County,Avon township,215,278,293,319,317,274
Sumner County,Belle Plaine township,2182,2926,3543,3504,3287,3082
Sumner County,Bluff township,196,136,106,74,48,59
Sumner County,Caldwell city,1540,1401,1351,1284,1068,1025
Sumner County,Caldwell township,329,313,195,200,157,129
Sumner County,Chikaskia township,121,112,67,69,59,47
Sumner County,Conway township,1118,1244,1249,1286,1250,1081
Sumner County,Creek township,244,177,223,241,243,181
Sumner County,Dixon township,801,783,726,738,657,606
Sumner County,Downs township,222,174,200,159,156,139
Sumner County,Eden township,285,324,353,452,414,420
Sumner County,Falls township,278,252,193,187,135,157
Sumner County,Gore township,1789,2229,2317,2220,2105,1837
Sumner County,Greene township,107,92,91,80,75,79
Sumner County,Guelph township,196,171,158,164,184,151
Sumner County,Harmon township,185,237,271,277,289,235
Sumner County,Illinois township,134,130,133,178,173,171
Sumner County,Jackson township,171,175,173,153,140,117
Sumner County,London township,400,603,617,774,716,694
Sumner County,Morris township,63,48,58,35,25,39
Sumner County,Osborne township,303,278,353,273,257,226
Sumner County,Oxford township,1332,1346,1387,1403,1271,1259
Sumner County,Palestine township,207,271,258,249,230,209
Sumner County,Ryan township,316,239,238,239,177,143
Sumner County,Seventy-Six township,271,248,253,238,245,274
Sumner County,South Haven township,726,733,710,670,567,524
Sumner County,Springdale township,526,565,685,761,753,669
Sumner County,Sumner township,184,180,174,150,124,132
Sumner County,Valverde township,147,140,128,147,117,118
Sumner County,Walton township,480,454,503,431,361,306
Sumner County,Wellington city,8072,8212,8411,8647,8172,7715
Sumner County,Wellington township,413,457,424,344,360,284
Thomas County,Barrett township,160,178,153,124,95,109
Thomas County,Colby city,4658,5544,5396,5450,5387,5570
Thomas County,East Hale township,197,146,143,137,115,105
Thomas County,Kingery township,148,113,100,93,87,98
Thomas County,Lacey township,143,158,157,132,121,138
Thomas County,Menlo township,145,125,113,112,95,82
Thomas County,Morgan township,455,568,759,755,662,618
Thomas County,North Randall township,121,117,91,107,85,50
Thomas County,Rovohl township,190,171,169,143,132,129
Thomas County,Smith township,304,280,246,213,278,238
Thomas County,South Randall township,276,315,270,267,236,224
Thomas County,Summers township,184,212,207,197,189,160
Thomas County,Wendell township,118,114,80,84,57,48
Thomas County,West Hale township,402,410,374,366,361,361
Trego County,Collyer township,596,523,435,368,312,287
Trego County,Franklin township,182,130,88,60,39,32
Trego County,Glencoe township,113,94,82,70,71,66
Trego County,Ogallah township,326,288,240,214,173,155
Trego County,Riverside township,265,196,138,117,79,108
Trego County,WaKeeney township,2798,2792,2585,2398,2254,2105
Trego County,Wilcox township,156,142,126,92,73,55
Wabaunsee County,Alma township,1161,1201,1160,1137,1191,1160
Wabaunsee County,Farmer township,125,118,108,119,100,83
Wabaunsee County,Garfield township,606,619,629,590,595,561
Wabaunsee County,Kaw township,225,257,230,242,261,250
Wabaunsee County,Maple Hill township,607,777,796,930,1136,1136
Wabaunsee County,Mill Creek township,189,311,263,293,232,234
Wabaunsee County,Mission Creek township,412,453,448,495,496,485
Wabaunsee County,Newbury township,877,941,934,1045,1042,1091
Wabaunsee County,Plumb township,599,654,617,640,631,600
Wabaunsee County,Rock Creek township,155,113,92,84,53,45
Wabaunsee County,Wabaunsee township,461,455,455,455,524,579
Wabaunsee County,Washington township,145,114,100,83,76,70
Wabaunsee County,Wilmington township,835,854,771,772,716,583
Wallace County,Harrison township,140,114,108,85,69,91
Wallace County,Morton township,78,73,,,,
Wallace County,North township,12,12,,,,
Wallace County,Sharon Springs township,1321,1264,1148,1096,935,925
Wallace County,Wallace township,280,218,185,175,151,167
Wallace County,Weskan township,384,364,380,393,330,329
Washington County,Barnes township,351,394,283,233,212,239
Washington County,Brantford township,148,129,109,91,76,60
Washington County,Charleston township,176,129,115,99,78,67
Washington County,Clifton township,589,567,463,459,426,351
Washington County,Coleman township,133,104,84,64,63,52
Washington County,Farmington township,268,216,181,192,165,172
Washington County,Franklin township,266,231,146,139,119,84
Washington County,Grant township,109,55,43,25,22,57
Washington County,Greenleaf township,600,585,479,450,403,415
Washington County,Haddam township,477,385,290,246,155,158
Washington County,Hanover township,1073,1071,968,884,887,913
Washington County,Highland township,92,80,33,22,35,24
Washington County,Independence township,294,229,210,169,132,101
Washington County,Kimeo township,138,124,85,75,53,54
Washington County,Lincoln township,178,130,91,84,55,61
Washington County,Linn township,643,686,666,599,572,517
Washington County,Little Blue township,169,152,100,93,76,79
Washington County,Logan township,171,168,143,109,104,108
Washington County,Lowe township,132,120,86,76,61,49
Washington County,Mill Creek township,397,333,292,274,228,178
Washington County,Sheridan township,186,160,121,119,101,92
Washington County,Sherman township,382,342,276,249,234,249
Washington County,Strawberry township,230,227,160,130,126,142
Washington County,Union township,208,192,142,161,104,65
Washington County,Washington city,1584,1488,1304,1223,1131,1071
Washington County,Washington township,255,246,203,218,181,172
Wichita County,Beaver Township,280,,,,,
Wichita County,Edwards Township,366,,,,,
Wichita County,Leoti township,2360,3041,2758,2531,2234,2152
Wichita County,Whitewoman Township,268,,,,,
Wilson County,Cedar township,717,862,704,701,613,569
Wilson County,Center township,649,684,634,618,505,527
Wilson County,Chetopa township,238,230,201,188,162,157
Wilson County,Clifton township,468,541,455,414,364,323
Wilson County,Colfax township,402,525,442,452,403,389
Wilson County,Duck Creek township,126,131,109,103,87,76
Wilson County,Fall River township,384,392,372,398,359,328
Wilson County,Fredonia city,3080,3047,2599,2600,2482,2151
Wilson County,Guilford township,218,236,191,205,168,189
Wilson County,Neodesha city,3295,3414,2837,2848,2486,2275
Wilson County,Neodesha township,587,700,599,583,563,598
Wilson County,Newark township,218,235,228,226,271,234
Wilson County,Pleasant Valley township,216,243,182,201,219,178
Wilson County,Prairie township,162,113,134,118,130,102
Wilson County,Talleyrand township,243,273,216,232,227,206
Wilson County,Verdigris township,256,427,331,394,322,278
Wilson County,Webster township,58,75,55,51,48,44
Woodson County,Belmont township,124,135,,,,
Woodson County,Center township,391,309,647,594,527,591
Woodson County,Eminence township,158,149,,,,
Woodson County,Everett township,178,174,,,,
Woodson County,Liberty township,223,205,210,200,176,152
Woodson County,Neosho Falls township,490,365,549,537,457,430
Woodson County,North township,117,123,93,71,61,60
Woodson County,Owl Creek township,258,253,,,,
Woodson County,Perry township,150,147,143,103,104,74
Woodson County,Toronto township,733,742,659,684,567,456
Woodson County,Yates Center city,1967,1998,1815,1599,1417,1352
Wyandotte County,Bonner Springs city,3662,6266,6410,6767,7308,7831
Wyandotte County,Delaware township,4391,153,166,4200,31,37
Wyandotte County,Edwardsville city,,3364,3979,,4340,4717
Wyandotte County,Kansas City city,168213,161087,149767,146866,145786,156607
Wyandotte County,Lake Quivira city,,58,40,49,40,53
Wyandotte County,Prairie township,1934,1346,1631,,,
Wyandotte County,Quindaro Township,1924,,,,,
Wyandotte County,Shawnee township,1810,61,,,,
Wyandotte County,Wyandotte Township,4911,,,,,
